1980,1,Joe Barry Carroll,carrojo01
1980,2,Darrell Griffith,griffda01
1980,3,Kevin McHale,mchalke01
1980,4,Kelvin Ransey,ranseke01
1980,5,James Ray,rayja01
1980,6,Mike O'Koren,okoremi01
1980,7,Mike Gminski,gminsmi01
1980,8,Andrew Toney,toneyan01
1980,9,Michael Brooks,brookmi01
1980,10,Ronnie Lester,lestero01
1980,11,Kiki Vandeweghe,vandeki01
1980,12,Mike Woodson,woodsmi01
1980,13,Rickey Brown,brownri01
1980,14,Wes Matthews,matthwe01
1980,15,Reggie Johnson,johnsre01
1980,16,Hawkeye Whitney,whitnha02
1980,17,Larry Drew,drewla01
1980,18,Don Collins,collido02
1980,19,John Duren,durenjo01
1980,20,Bill Hanzlik,hanzlbi01
1980,21,Monti Davis,davismo01
1980,22,Chad Kinch,kinchch01
1980,23,Carl Nicks,nicksca01
1980,24,Larry Smith,smithla01
1980,25,Jeff Ruland,rulanje01
1980,26,Sam Worthen,worthsa01
1980,27,John Stroud,stroujo01
1980,28,Craig Shelton,sheltcr01
1980,29,Louis Orr,orrlo01
1980,30,Kenny Natt,nattke01
1980,31,Wayne Robinson,robinwa01
1980,35,Rick Mahorn,mahorri01
1980,36,DeWayne Scales,scalede01
1980,37,Butch Carter,cartebu01
1980,39,Michael Wiley,wileymi01
1980,40,Dick Miller,milledi01
1980,41,Jawann Oldham,oldhaja01
1980,45,Brad Branson,bransbr01
1980,47,Kurt Nimphius,nimphku01
1980,50,James Wilkes,wilkeja02
1980,51,Ronnie Valentine,valenro01
1980,52,Lowes Moore,moorelo01
1980,56,Mike Harper,harpemi01
1980,57,Dave Britton,brittda01
1980,58,Kurt Rambis,rambiku01
1980,61,Rich Yonakor,yonakri01
1980,66,Carl Bailey,baileca01
1980,70,Darwin Cook,cookda01
1980,75,Rory Sparrow,sparrro01
1980,87,Tony Jackson,jacksto02
1980,93,Tony Fuller,fulleto01
1980,99,Wally Rank,rankwa01
1980,103,Darrell Allums,allumda01
1980,141,Lorenzo Romar,romarlo01
1980,168,John Stroeder,stroejo01
1980,169,Clarence Kea,keacl01
1980,182,Billy Reid,reidbi01
1981,1,Mark Aguirre,aguirma01
1981,2,Isiah Thomas,thomais01
1981,3,Buck Williams,willibu01
1981,4,Al Wood,woodal01
1981,5,Danny Vranes,vraneda01
1981,6,Orlando Woolridge,woolror01
1981,7,Steve Johnson,johnsst03
1981,8,Tom Chambers,chambto01
1981,9,Rolando Blackman,blackro01
1981,10,Albert King,kingal01
1981,11,Frank Johnson,johnsfr01
1981,12,Kelly Tripucka,tripuke01
1981,13,Danny Schayes,schayda01
1981,14,Herb Williams,willihe01
1981,15,Jeff Lamp,lampje01
1981,16,Darnell Valentine,valenda01
1981,17,Kevin Loder,loderke01
1981,18,Ray Tolbert,tolbera01
1981,19,Mike McGee,mcgeemi01
1981,20,Larry Nance,nancela01
1981,21,Alton Lister,listeal01
1981,22,Franklin Edwards,edwarfr01
1981,23,Charles Bradley,bradlch01
1981,24,Jay Vincent,vinceja01
1981,25,Tracy Jackson,jackstr01
1981,27,Howard Wood,woodho01
1981,28,Gene Banks,banksge01
1981,29,Eddie Johnson,johnsed03
1981,30,Ed Rains,rainsed01
1981,31,Danny Ainge,aingeda01
1981,33,Sam Williams,willisa02
1981,34,Ken Apple Green,greenke01
1981,35,Charles Davis,davisch02
1981,36,Ray Blume,blumera01
1981,41,Claude Gregory,gregocl01
1981,43,Elston Turner,turneel01
1981,44,Steve Lingenfelter,lingest01
1981,49,David Burns,burnsda01
1981,52,Rudy Macklin,macklru01
1981,53,Mark Radford,radfoma01
1981,54,Jim Smith,smithji01
1981,55,Mickey Dillard,dillami01
1981,57,Frank Brickowski,brickfr01
1981,61,Pétur Guðmundsson,gudmupe01
1981,66,Craig Dykema,dykemcr01
1981,76,Lewis Lloyd,lloydle01
1981,78,Kenny Dennard,dennake01
1981,81,Larry Spriggs,sprigla01
1981,85,Pete Verhoeven,verhope01
1981,86,Alex Bradley,bradlal02
1981,88,Kevin McKenna,mckenke01
1981,95,Joe Cooper,coopejo01
1981,102,Hank McDowell,mcdowha01
1981,103,Garry Witts,wittsga01
1981,130,Roger Burkman,burkmro01
1981,150,Clinton Wheeler,wheelcl01
1981,165,Bobby Cattage,cattabo01
1981,211,Derrick Rowland,rowlade01
1982,1,James Worthy,worthja01
1982,2,Terry Cummings,cummite01
1982,3,Dominique Wilkins,wilkido01
1982,4,Bill Garnett,garnebi02
1982,5,LaSalle Thompson,thompla01
1982,6,Trent Tucker,tucketr01
1982,7,Quintin Dailey,dailequ01
1982,8,Clark Kellogg,kellocl01
1982,9,Cliff Levingston,levincl01
1982,10,Keith Edmonson,edmonke01
1982,11,Fat Lever,leverfa01
1982,12,John Bagley,baglejo01
1982,13,Sleepy Floyd,floydsl01
1982,14,Lester Conner,connele01
1982,15,David Thirdkill,thirdda01
1982,16,Terry Teagle,teaglte01
1982,17,Brook Steppe,steppbr01
1982,18,Ricky Pierce,piercri01
1982,19,Rob Williams,williro02
1982,20,Paul Pressey,presspa01
1982,21,Eddie Phillips,philled01
1982,22,Mark McNamara,mcnamma01
1982,23,Darren Tillis,tillida01
1982,24,Oliver Robinson,robinol01
1982,25,Bryan Warrick,warribr01
1982,27,Fred Roberts,roberfr01
1982,28,Dave Magley,magleda01
1982,29,Scott Hastings,hastisc01
1982,30,Wallace Bryant,bryanwa01
1982,31,Rod Higgins,higgiro01
1982,32,Richard Anderson,anderri01
1982,33,Linton Townes,towneli01
1982,34,Vince Taylor,taylovi01
1982,35,Derek Smith,smithde02
1982,36,J.J. Anderson,anderjj01
1982,37,Audie Norris,norriau01
1982,38,Wayne Sappleton,sapplwa01
1982,40,Guy Morgan,morgagu01
1982,41,Dwight Anderson,anderdw01
1982,42,Jeff Taylor,tayloje01
1982,43,Jose Slaughter,slaugjo01
1982,44,Mike Gibson,gibsomi01
1982,45,Russ Schoene,schoeru01
1982,47,Michael Wilson,wilsomi01
1982,48,Craig Hodges,hodgecr01
1982,50,Corny Thompson,thompco01
1982,51,Jim Johnstone,johnsji01
1982,55,Jerry Eaves,eavesje01
1982,56,Joe Kopicki,kopicjo01
1982,60,Chris Engler,englech01
1982,61,Charles Pittman,pittmch01
1982,63,Chuck Nevitt,nevitch01
1982,65,John Greig,greigjo01
1982,69,Perry Moss,mosspe01
1982,72,Mark Eaton,eatonma01
1982,74,Mike Sanders,sandemi01
1982,76,Chuck Aleksinas,aleksch01
1982,78,Walker Russell,russewa01
1982,82,Tony Brown,brownto01
1982,86,Rory White,whitero01
1982,138,John Schweitz,schwejo01
1982,140,Eddie Hughes,hugheed01
1982,166,Ed Nealy,nealyed01
1982,221,Dale Wilkinson,wilkida01
1983,1,Ralph Sampson,sampsra01
1983,2,Steve Stipanovich,stipast01
1983,3,Rodney McCray,mccraro01
1983,4,Byron Scott,scottby01
1983,5,Sidney Green,greensi02
1983,6,Russell Cross,crossru01
1983,7,Thurl Bailey,baileth01
1983,8,Antoine Carr,carran01
1983,9,Dale Ellis,ellisda01
1983,10,Jeff Malone,malonje01
1983,11,Derek Harper,harpede01
1983,12,Darrell Walker,walkeda01
1983,13,Ennis Whatley,whatlen01
1983,14,Clyde Drexler,drexlcl01
1983,15,Howard Carter,carteho01
1983,16,Jon Sundvold,sundvjo01
1983,17,Leo Rautins,rautile01
1983,18,Randy Breuer,breuera01
1983,19,John Paxson,paxsojo01
1983,20,Roy Hinson,hinsoro01
1983,21,Greg Kite,kitegr01
1983,22,Randy Wittman,wittmra01
1983,23,Mitchell Wiggins,wiggimi01
1983,24,Stewart Granger,grangst01
1983,25,Sidney Lowe,lowesi01
1983,26,Leroy Combs,combsle01
1983,27,John Garris,garrijo01
1983,28,Rod Foster,fostero01
1983,29,Larry Micheaux,michela01
1983,30,Mark West,westma01
1983,31,Doc Rivers,riverdo01
1983,33,Dirk Minniefield,minnidi01
1983,34,Guy Williams,willigu02
1983,35,Darrell Lockhart,lockhda01
1983,36,Scooter McCray,mccrasc01
1983,38,Chris McNealy,mcneach01
1983,39,Granville Waiters,waitegr01
1983,40,Jim Thomas,thomaji01
1983,43,Pace Mannion,mannipa01
1983,46,Kevin Williams,willike01
1983,48,Craig Ehlo,ehlocr01
1983,50,Paul Thompson,thomppa01
1983,53,Mike Holton,holtomi01
1983,54,Bob Hansen,hansebo01
1983,57,Darren Daye,dayeda01
1983,58,John Pinone,pinonjo01
1983,59,Bruce Kuczenski,kuczebr01
1983,62,Tom Piotrowski,piotrto01
1983,75,Ron Crevier,creviro01
1983,77,Peter Thibeaux,thibepe01
1983,82,Mark Jones,jonesma02
1983,90,Brant Weidner,weidnbr01
1983,91,Carlos Clark,clarkca01
1983,97,Manute Bol,bolma01
1983,101,Ken Austin,austike01
1983,102,Jim Lampley,lamplji01
1983,139,Sedale Threatt,threase01
1983,152,Dane Suttle,suttlda01
1984,1,Hakeem Olajuwon,olajuha01
1984,2,Sam Bowie,bowiesa01
1984,3,Michael Jordan,jordami01
1984,4,Sam Perkins,perkisa01
1984,5,Charles Barkley,barklch01
1984,6,Melvin Turpin,turpime01
1984,7,Alvin Robertson,roberal01
1984,8,Lancaster Gordon,gordola01
1984,9,Otis Thorpe,thorpot01
1984,10,Leon Wood,woodle01
1984,11,Kevin Willis,willike02
1984,12,Tim McCormick,mccorti01
1984,13,Jay Humphries,humphja01
1984,14,Michael Cage,cagemi01
1984,15,Terence Stansbury,stanste01
1984,16,John Stockton,stockjo01
1984,17,Jeff Turner,turneje01
1984,18,Vern Fleming,flemive01
1984,19,Bernard Thompson,thompbe01
1984,20,Tony Campbell,campbto01
1984,21,Kenny Fields,fieldke01
1984,22,Tom Sewell,sewelto01
1984,23,Earl Jones,jonesea01
1984,24,Michael Young,youngmi01
1984,25,Devin Durrant,durrade01
1984,27,Ron Anderson,anderro01
1984,28,Cory Blackwell,blackco01
1984,29,Stuart Gray,grayst01
1984,30,Steve Burtt,burttst01
1984,31,Jay Murphy,murphja01
1984,33,Steve Colter,coltest01
1984,35,Othell Wilson,wilsoot01
1984,36,Charles Jones,jonesch02
1984,37,Ben Coleman,colembe01
1984,38,Charlie Sitton,sittoch01
1984,39,Danny Young,youngda01
1984,41,Tom Sluby,slubyto01
1984,42,Willie White,whitewi01
1984,45,Gary Plummer,plummga01
1984,46,Jerome Kersey,kerseje01
1984,50,Ben McDonald,mcdonbe01
1984,51,Jim Petersen,peterji01
1984,57,Joe Binion,biniojo01
1984,61,Jeff Cross,crossje01
1984,62,David Pope,popeda01
1984,68,Butch Graves,gravebu01
1984,70,Rick Carlisle,carliri01
1984,71,Ralph Jackson,jacksra01
1984,76,Jim Grandholm,grandji01
1984,80,Carl Henry,henryca01
1984,86,Jim Rowinski,rowinji01
1984,87,Bob Thornton,thornbo01
1984,90,Ozell Jones,jonesoz01
1984,120,McKinley Singleton,singlmc01
1984,133,Eddie Lee Wilkins,wilkied01
1984,140,Kenton Edelin,edelike01
1984,156,Ken Bannister,bannike01
1984,185,Brian Martin,martibr01
1985,1,Patrick Ewing,ewingpa01
1985,2,Wayman Tisdale,tisdawa01
1985,3,Benoit Benjamin,benjabe01
1985,4,Xavier McDaniel,mcdanxa01
1985,5,Jon Koncak,koncajo01
1985,6,Joe Kleine,kleinjo01
1985,7,Chris Mullin,mullich01
1985,8,Detlef Schrempf,schrede01
1985,9,Charles Oakley,oaklech01
1985,10,Ed Pinckney,pincked01
1985,11,Keith Lee,leeke01
1985,12,Kenny Green,greenke02
1985,13,Karl Malone,malonka01
1985,14,Rick Hughes,hugheri01
1985,15,Blair Rasmussen,rasmubl01
1985,16,Bill Wennington,wennibi01
1985,17,Uwe Blab,blabuw01
1985,18,Joe Dumars,dumarjo01
1985,19,Steve Harris,harrist01
1985,20,Sam Vincent,vincesa01
1985,21,Terry Catledge,catlete01
1985,22,Jerry Reynolds,reynoje01
1985,23,A.C. Green,greenac01
1985,24,Terry Porter,portete01
1985,25,Mike Smrek,smrekmi01
1985,26,Bill Martin,martibi01
1985,27,Dwayne McClain,mccladw01
1985,28,Ken Johnson,johnske01
1985,29,Mike Brittain,brittmi01
1985,31,Manute Bol,bolma01
1985,32,Nick Vanos,vanosni01
1985,33,Greg Stokes,stokegr01
1985,35,Tyrone Corbin,corbity01
1985,36,Yvon Joseph,josepyv01
1985,37,Carey Scurry,scurrca01
1985,38,Fernando Martín,martife01
1985,40,Mark Acres,acresma01
1985,41,Lorenzo Charles,charllo01
1985,43,Barry Stevens,steveba01
1985,44,Voise Winters,wintevo01
1985,45,Hot Rod Williams,williho01
1985,46,Adrian Branch,brancad01
1985,47,Gerald Wilkins,wilkige01
1985,49,Brad Wright,wrighbr01
1985,54,Sam Mitchell,mitchsa01
1985,59,Sedric Toney,toneyse01
1985,61,Perry Young,youngpe01
1985,63,Harold Keeling,keeliha01
1985,66,Michael Adams,adamsmi01
1985,69,Mike Brown,brownmi01
1985,73,Fred Cofield,cofiefr01
1985,75,Alex Stivrins,stivral01
1985,77,Arvydas Sabonis,sabonar01
1985,79,Mark Davis,davisma01
1985,82,Scott Roth,rothsc01
1985,83,Delaney Rudd,ruddde01
1985,84,John Battle,battljo01
1985,87,Spud Webb,webbsp01
1985,89,Pete Williams,willipe01
1985,90,Derrick Gervin,gervide01
1985,91,Cozell McQueen,mcqueco01
1985,92,Dexter Shouse,shousde01
1985,139,Ralph Lewis,lewisra01
1985,144,Michael Phelps,phelpmi01
1985,148,Georgi Glouchkov,gloucge01
1985,160,Mario Elie,eliema01
1986,1,Brad Daugherty,daughbr01
1986,3,Chris Washburn,washbch01
1986,4,Chuck Person,persoch01
1986,5,Kenny Walker,walkeke01
1986,6,William Bedford,bedfowi01
1986,7,Roy Tarpley,tarplro01
1986,8,Ron Harper,harpero01
1986,9,Brad Sellers,sellebr01
1986,10,Johnny Dawkins,dawkijo01
1986,11,John Salley,sallejo01
1986,12,John Williams,willijo02
1986,13,Pearl Washington,washipe01
1986,14,Walter Berry,berrywa01
1986,15,Dell Curry,curryde01
1986,16,Maurice Martin,martima01
1986,17,Harold Pressley,pressha01
1986,18,Mark Alarie,alarima01
1986,19,Billy Thompson,thompbi01
1986,20,Buck Johnson,johnsbu01
1986,21,Anthony Jones,jonesan01
1986,22,Scott Skiles,skilesc01
1986,24,Arvydas Sabonis,sabonar01
1986,25,Mark Price,pricema01
1986,26,Greg Dreiling,dreilgr01
1986,27,Dennis Rodman,rodmade01
1986,28,Larry Krystkowiak,krystla01
1986,29,Johnny Newman,newmajo01
1986,30,Nate McMillan,mcmilna01
1986,32,Cedric Henderson,hendece01
1986,33,Kevin Duckworth,duckwke01
1986,34,Johnny Rogers,rogerjo01
1986,35,Milt Wagner,wagnemi01
1986,39,Rafael Addison,addisra01
1986,41,Otis Smith,smithot01
1986,43,Dave Feitl,feitlda01
1986,44,David Wingate,wingada01
1986,45,Keith Smith,smithke03
1986,46,Jeff Hornacek,hornaje01
1986,47,Michael Jackson,jacksmi02
1986,48,Forrest McKenzie,mckenfo01
1986,50,Kevin Henderson,hendeke01
1986,51,Mike Williams,willimi03
1986,52,Ricky Wilson,wilsori02
1986,53,Tod Murphy,murphto01
1986,54,Dwayne Polee,poleedw01
1986,55,Kenny Gattison,gattike01
1986,57,Bruce Douglas,douglbr01
1986,58,Dave Henderson,hendeda01
1986,60,Dražen Petrović,petrodr01
1986,61,John Shasky,shaskjo01
1986,65,Dave Hoppen,hoppeda01
1986,66,Anthony Bowie,bowiean01
1986,67,Ron Rowan,rowanro01
1986,69,Andre Turner,turnean01
1986,70,Jim Les,lesji01
1986,74,Scott Meents,meentsc01
1986,77,Grant Gondrezick,gondrgr01
1986,85,Myron Jackson,jacksmy01
1986,89,Conner Henry,henryco01
1986,95,Richard Rellford,rellfri01
1986,97,Clinton Smith,smithcl01
1986,99,Dominic Pressley,pressdo01
1986,100,Steffond Johnson,johnsst02
1986,120,Pete Myers,myerspe01
1986,122,Curtis Kitchen,kitchcu01
1986,124,Tim Kempton,kemptti01
1986,133,Anthony Frederick,fredean01
1986,134,Alexander Volkov,volkoal01
1987,1,David Robinson,robinda01
1987,2,Armen Gilliam,gilliar01
1987,3,Dennis Hopson,hopsode01
1987,4,Reggie Williams,willire01
1987,5,Scottie Pippen,pippesc01
1987,6,Kenny Smith,smithke01
1987,7,Kevin Johnson,johnske02
1987,8,Olden Polynice,polynol01
1987,9,Derrick McKey,mckeyde01
1987,10,Horace Grant,grantho01
1987,11,Reggie Miller,millere01
1987,12,Muggsy Bogues,boguemu01
1987,13,Joe Wolf,wolfjo01
1987,14,Tellis Frank,frankte01
1987,15,José Ortiz,ortizjo01
1987,16,Chris Welp,welpch01
1987,17,Ronnie Murphy,murphro01
1987,18,Mark Jackson,jacksma01
1987,19,Ken Norman,normake01
1987,20,Jim Farmer,farmeji01
1987,21,Dallas Comegys,comegda01
1987,22,Reggie Lewis,lewisre01
1987,23,Greg Anderson,andergr01
1987,25,Ron Moore,moorero01
1987,26,Steve Alford,alforst01
1987,27,Nate Blackwell,blackna01
1987,28,Rickie Winslow,winslri01
1987,30,Nikita Wilson,wilsoni01
1987,31,Andre Moore,moorean01
1987,32,Bob McCann,mccanbo01
1987,33,Tony White,whiteto01
1987,34,Brian Rowsom,rowsobr01
1987,35,Doug Lee,leedo01
1987,36,Duane Washington,washidu01
1987,38,Norris Coleman,colemno01
1987,39,Vincent Askew,askewvi01
1987,40,Winston Garland,garlawi01
1987,41,Kannard Johnson,johnska01
1987,45,Brad Lohaus,lohaubr01
1987,48,Jamie Waller,walleja01
1987,50,Phil Zevenbergen,zevenph01
1987,52,Donald Royal,royaldo01
1987,53,Winston Crite,critewi01
1987,58,Darryl Johnson,johnsda02
1987,63,Kevin Gamble,gamblke01
1987,65,Eric White,whiteer01
1987,68,Billy Donovan,donovbi01
1987,74,Joe Arlauckas,arlaujo01
1987,75,Chris Dudley,dudlech02
1987,79,Jack Haley,haleyja01
1987,88,Dave Popson,popsoda01
1987,100,Ron Grandison,grandro01
1987,107,Bart Kofoed,kofoeba01
1987,116,Martin Nessley,nesslma01
1987,127,Šarūnas Marčiulionis,marcisa01
1988,1,Danny Manning,mannida01
1988,2,Rik Smits,smitsri01
1988,3,Charles Smith,smithch01
1988,4,Chris Morris,morrich01
1988,5,Mitch Richmond,richmmi01
1988,6,Hersey Hawkins,hawkihe01
1988,7,Tim Perry,perryti01
1988,8,Rex Chapman,chapmre01
1988,9,Rony Seikaly,seikaro01
1988,10,Willie Anderson,anderwi01
1988,11,Will Perdue,perduwi01
1988,12,Harvey Grant,grantha01
1988,13,Jeff Grayer,grayeje01
1988,14,Dan Majerle,majerda01
1988,15,Gary Grant,grantga01
1988,16,Derrick Chievous,chievde01
1988,17,Eric Leckner,leckner01
1988,18,Ricky Berry,berryri01
1988,19,Rod Strickland,stricro02
1988,20,Kevin Edwards,edwarke01
1988,21,Mark Bryant,bryanma01
1988,22,Randolph Keys,keysra01
1988,23,Jerome Lane,laneje01
1988,24,Brian Shaw,shawbr01
1988,25,David Rivers,riverda01
1988,26,Rolando Ferreira,ferrero01
1988,27,Shelton Jones,jonessh01
1988,28,Andrew Lang,langan01
1988,29,Vinny Del Negro,delnevi01
1988,30,Fennis Dembo,dembofe01
1988,31,Everette Stephens,stephev01
1988,32,Charles Shackleford,shackch01
1988,33,Grant Long,longgr01
1988,34,Tom Tolbert,tolbeto01
1988,35,Sylvester Gray,graysy01
1988,36,Ledell Eackles,eacklle01
1988,37,Greg Butler,butlegr01
1988,38,Dean Garrett,garrede01
1988,39,Tito Horford,horfoti01
1988,40,Orlando Graham,grahaor01
1988,41,Keith Smart,smartke01
1988,43,Todd Mitchell,mitchto01
1988,44,Anthony Taylor,tayloan01
1988,45,Tom Garrick,garrito01
1988,46,Morlon Wiley,wileymo01
1988,47,Vernon Maxwell,maxweve01
1988,48,Micheal Williams,willimi02
1988,50,Steve Kerr,kerrst01
1988,51,Rob Lock,lockro01
1988,53,Anthony Mason,masonan01
1988,56,Barry Sumpter,sumptba01
1988,59,Nate Johnston,johnsna01
1988,64,Winston Bennett,bennewi01
1988,65,Corey Gaines,gaineco01
1988,67,Ricky Grace,graceri01
1988,71,Craig Neal,nealcr01
1988,73,Michael Anderson,andermi01
1988,74,Gerald Paddio,paddige01
1989,1,Pervis Ellison,ellispe01
1989,2,Danny Ferry,ferryda01
1989,3,Sean Elliott,elliose01
1989,4,Glen Rice,ricegl01
1989,5,J.R. Reid,reidjr01
1989,6,Stacey King,kingst01
1989,7,George McCloud,mccloge01
1989,8,Randy White,whitera01
1989,9,Tom Hammonds,hammoto01
1989,10,Pooh Richardson,richapo01
1989,11,Nick Anderson,anderni01
1989,12,Mookie Blaylock,blaylmo01
1989,13,Michael Smith,smithmi01
1989,14,Tim Hardaway,hardati01
1989,15,Todd Lichti,lichtto01
1989,16,Dana Barros,barroda01
1989,17,Shawn Kemp,kempsh01
1989,18,B.J. Armstrong,armstbj01
1989,19,Kenny Payne,payneke01
1989,20,Jeff Sanders,sandeje01
1989,21,Blue Edwards,edwarbl01
1989,22,Byron Irvin,irvinby01
1989,23,Roy Marble,marblro01
1989,24,Anthony Cook,cookan01
1989,25,John Morton,mortojo01
1989,26,Vlade Divac,divacvl01
1989,27,Kenny Battle,battlke01
1989,28,Sherman Douglas,douglsh01
1989,29,Dyron Nix,nixdy01
1989,30,Frank Kornet,kornefr01
1989,31,Jeff Martin,martije01
1989,32,Stanley Brundy,brundst01
1989,33,Jay Edwards,edwarja02
1989,34,Gary Leonard,leonaga01
1989,35,Pat Durham,durhapa01
1989,36,Clifford Robinson,robincl02
1989,37,Michael Ansley,anslemi01
1989,38,Doug West,westdo01
1989,39,Ed Horton,hortoed01
1989,40,Dino Rađa,radjadi01
1989,41,Doug Roth,rothdo01
1989,43,Chucky Brown,brownch01
1989,45,Scott Haffner,haffnsc01
1989,46,Ricky Blanton,blantri01
1989,49,Haywoode Workman,workmha01
1989,50,Brian Quinnett,quinnbr01
1989,51,Mike Morrison,morrimi01
1989,52,Greg Grant,grantgr01
1990,1,Derrick Coleman,colemde01
1990,2,Gary Payton,paytoga01
1990,3,Mahmoud Abdul-Rauf,abdulma02
1990,4,Dennis Scott,scottde01
1990,5,Kendall Gill,gillke01
1990,6,Felton Spencer,spencfe01
1990,7,Lionel Simmons,simmoli01
1990,8,Bo Kimble,kimblbo01
1990,9,Willie Burton,burtowi01
1990,10,Rumeal Robinson,robinru01
1990,11,Tyrone Hill,hillty01
1990,12,Alec Kessler,kesslal01
1990,13,Loy Vaught,vaughlo01
1990,14,Travis Mays,maystr01
1990,15,Dave Jamerson,jamerda01
1990,16,Terry Mills,millste01
1990,17,Jerrod Mustaf,mustaje01
1990,18,Duane Causwell,causwdu01
1990,19,Dee Brown,brownde01
1990,20,Gerald Glass,glassge01
1990,21,Jayson Williams,willija01
1990,22,Tate George,georgta01
1990,23,Anthony Bonner,bonnean01
1990,24,Dwayne Schintzius,schindw01
1990,25,Alaa Abdelnaby,abdelal01
1990,26,Lance Blanks,blankla01
1990,27,Elden Campbell,campbel01
1990,28,Les Jepsen,jepsele01
1990,29,Toni Kukoč,kukocto01
1990,30,Carl Herrera,herreca01
1990,31,Negele Knight,knighne01
1990,32,Brian Oliver,olivebr01
1990,33,Walter Palmer,palmewa01
1990,34,Kevin Pritchard,pritcke01
1990,35,Greg Foster,fostegr01
1990,36,Trevor Wilson,wilsotr01
1990,37,A.J. English,engliaj01
1990,38,Jud Buechler,buechju01
1990,39,Steve Scheffler,schefst01
1990,40,Bimbo Coles,colesbi01
1990,41,Steve Bardo,bardost01
1990,42,Marcus Liberty,liberma01
1990,43,Tony Massenburg,masseto01
1990,44,Steve Henson,hensost01
1990,45,Antonio Davis,davisan01
1990,46,Kenny Williams,willike03
1990,47,Derek Strong,stronde01
1990,48,Cedric Ceballos,cebalce01
1990,50,Miloš Babić,babicmi01
1990,51,Tony Smith,smithto02
1990,52,Stefano Rusconi,ruscost01
1990,54,Sean Higgins,higgise01
1991,1,Larry Johnson,johnsla02
1991,2,Kenny Anderson,anderke01
1991,3,Billy Owens,owensbi01
1991,4,Dikembe Mutombo,mutomdi01
1991,5,Steve Smith,smithst01
1991,6,Doug Smith,smithdo03
1991,7,Luc Longley,longllu01
1991,8,Mark Macon,maconma01
1991,9,Stacey Augmon,augmost01
1991,10,Bison Dele,delebi01
1991,11,Terrell Brandon,brandte01
1991,12,Greg Anthony,anthogr01
1991,13,Dale Davis,davisda01
1991,14,Rich King,kingri01
1991,15,Anthony Avent,aventan01
1991,16,Chris Gatling,gatlich01
1991,17,Victor Alexander,alexavi01
1991,18,Kevin Brooks,brookke01
1991,19,LaBradford Smith,smithla02
1991,20,John Turner,turnejo01
1991,21,Eric Murdock,murdoer01
1991,22,LeRon Ellis,ellisle02
1991,23,Stanley Roberts,roberst01
1991,24,Rick Fox,foxri01
1991,26,Mark Randall,randama01
1991,27,Pete Chilcutt,chilcpe01
1991,28,Kevin Lynch,lynchke01
1991,30,Rodney Monroe,monroro01
1991,31,Randy Brown,brownra02
1991,32,Chad Gallagher,gallach01
1991,33,Donald Hodge,hodgedo01
1991,34,Myron Brown,brownmy01
1991,35,Mike Iuzzolino,iuzzomi01
1991,36,Chris Corchiani,corchch01
1991,37,Elliot Perry,perryel01
1991,39,Jimmy Oliver,oliveji01
1991,40,Doug Overton,overtdo01
1991,41,Sean Green,greense01
1991,43,Lamont Strothers,strotla01
1991,45,Bobby Phills,phillbo01
1991,46,Richard Dumas,dumasri02
1991,48,Isaac Austin,austiis01
1991,49,Greg Sutton,suttogr01
1991,51,Žan Tabak,tabakza01
1992,1,Shaquille O'Neal,onealsh01
1992,2,Alonzo Mourning,mournal01
1992,3,Christian Laettner,laettch01
1992,4,Jim Jackson,jacksji01
1992,5,LaPhonso Ellis,ellisla01
1992,6,Tom Gugliotta,guglito01
1992,7,Walt Williams,williwa02
1992,8,Todd Day,dayto01
1992,9,Clarence Weatherspoon,weathcl01
1992,10,Adam Keefe,keefead01
1992,11,Robert Horry,horryro01
1992,12,Harold Miner,minerha01
1992,13,Bryant Stith,stithbr01
1992,14,Malik Sealy,sealyma01
1992,15,Anthony Peeler,peelean01
1992,16,Randy Woods,woodsra01
1992,17,Doug Christie,chrisdo01
1992,18,Tracy Murray,murratr01
1992,19,Don MacLean,macledo01
1992,20,Hubert Davis,davishu01
1992,21,Jon Barry,barryjo01
1992,22,Oliver Miller,milleol01
1992,23,Lee Mayberry,maybele01
1992,24,Latrell Sprewell,sprewla01
1992,25,Elmore Spencer,spencel01
1992,26,Dave Johnson,johnsda01
1992,27,Byron Houston,houstby01
1992,28,Marlon Maxey,maxeyma01
1992,29,P.J. Brown,brownpj01
1992,30,Sean Rooks,rooksse01
1992,31,Reggie Smith,smithre01
1992,32,Brent Price,pricebr01
1992,33,Corey Williams,willico01
1992,34,Chris Smith,smithch03
1992,35,Tony Bennett,benneto01
1992,36,Duane Cooper,coopedu01
1992,37,Isaiah Morris,morriis01
1992,38,Elmer Bennett,benneel01
1992,39,Litterial Green,greenli01
1992,41,Popeye Jones,jonespo01
1992,42,Matt Geiger,geigema01
1992,43,Sasha Danilović,danilsa01
1992,45,Chris King,kingch01
1992,46,Robert Werdann,werdaro01
1992,47,Darren Morningstar,mornida01
1992,48,Brian Davis,davisbr02
1992,50,Matt Fish,fishma01
1992,52,Matt Steigenga,steigma01
1993,1,Chris Webber,webbech01
1993,2,Shawn Bradley,bradlsh01
1993,3,Anfernee Hardaway,hardaan01
1993,4,Jamal Mashburn,mashbja01
1993,5,Isaiah Rider,rideris01
1993,6,Calbert Cheaney,cheanca01
1993,7,Bobby Hurley,hurlebo01
1993,8,Vin Baker,bakervi01
1993,9,Rodney Rogers,rogerro01
1993,10,Lindsey Hunter,hunteli01
1993,11,Allan Houston,houstal01
1993,12,George Lynch,lynchge01
1993,13,Terry Dehere,deherte01
1993,14,Scott Haskin,haskisc01
1993,15,Doug Edwards,edwardo01
1993,16,Rex Walters,waltere01
1993,17,Greg Graham,grahagr01
1993,18,Luther Wright,wrighlu01
1993,19,Acie Earl,earlac01
1993,20,Scott Burrell,burresc01
1993,21,James Robinson,robinja02
1993,22,Chris Mills,millsch01
1993,23,Ervin Johnson,johnser02
1993,24,Sam Cassell,cassesa01
1993,25,Corie Blount,blounco01
1993,26,Geert Hammink,hammige01
1993,27,Malcolm Mackey,mackema01
1993,28,Lucious Harris,harrilu01
1993,30,Gheorghe Mureșan,muresgh01
1993,31,Evers Burns,burnsev01
1993,32,Alphonso Ford,fordal01
1993,33,Eric Riley,rileyer01
1993,34,Darnell Mee,meeda01
1993,35,Ed Stokes,stokeed01
1993,37,Nick Van Exel,vanexni01
1993,40,Rich Manning,manniri01
1993,42,Adonis Jordan,jordaad01
1993,43,Josh Grant,grantjo01
1993,45,Bryon Russell,russebr01
1993,46,Richard Petruška,petruri01
1993,47,Chris Whitney,whitnch01
1993,48,Kevin Thompson,thompke01
1993,52,Mike Peplowski,peplomi01
1994,1,Glenn Robinson,robingl01
1994,2,Jason Kidd,kiddja01
1994,3,Grant Hill,hillgr01
1994,4,Donyell Marshall,marshdo01
1994,5,Juwan Howard,howarju01
1994,6,Sharone Wright,wrighsh01
1994,7,Lamond Murray,murrala01
1994,8,Brian Grant,grantbr01
1994,9,Eric Montross,montrer01
1994,10,Eddie Jones,jonesed02
1994,11,Carlos Rogers,rogerca01
1994,12,Khalid Reeves,reevekh01
1994,13,Jalen Rose,roseja01
1994,14,Yinka Dare,dareyi01
1994,15,Eric Piatkowski,piatker01
1994,16,Clifford Rozier,roziecl01
1994,17,Aaron McKie,mckieaa01
1994,18,Eric Mobley,mobleer01
1994,19,Tony Dumas,dumasto01
1994,20,B.J. Tyler,tylerbj01
1994,21,Dickey Simpkins,simpkdi01
1994,22,Bill Curley,curlebi01
1994,23,Wesley Person,persowe01
1994,24,Monty Williams,willimo01
1994,25,Greg Minor,minorgr01
1994,26,Charlie Ward,wardch01
1994,27,Brooks Thompson,thompbr01
1994,29,Antonio Lang,langan02
1994,30,Howard Eisley,eisleho01
1994,32,Jim McIlvaine,mcilvji01
1994,33,Derrick Alston,alstode01
1994,34,Gaylon Nickerson,nickega01
1994,35,Michael Smith,smithmi02
1994,37,Dontonio Wingfield,wingfdo01
1994,38,Darrin Hancock,hancoda01
1994,39,Anthony Miller,millean01
1994,40,Jeff Webster,webstje01
1994,43,Shawnelle Scott,scottsh01
1994,45,Dwayne Morton,mortodw01
1994,46,Voshon Lenard,lenarvo01
1994,47,Jamie Watson,watsoja01
1994,50,Charles Claxton,claxtch01
1994,51,Lawrence Funderburke,fundela01
1994,52,Anthony Goldwire,goldwan01
1994,54,Željko Rebrača,rebraze01
1995,1,Joe Smith,smithjo02
1995,2,Antonio McDyess,mcdyean01
1995,3,Jerry Stackhouse,stackje01
1995,4,Rasheed Wallace,wallara01
1995,5,Kevin Garnett,garneke01
1995,6,Bryant Reeves,reevebr01
1995,7,Damon Stoudamire,stoudda01
1995,8,Shawn Respert,respesh01
1995,9,Ed O'Bannon,obanned01
1995,10,Kurt Thomas,thomaku01
1995,11,Gary Trent,trentga01
1995,12,Cherokee Parks,parksch02
1995,13,Corliss Williamson,willico02
1995,14,Eric Williams,willier01
1995,15,Brent Barry,barrybr01
1995,16,Alan Henderson,hendeal01
1995,17,Bob Sura,surabo01
1995,18,Theo Ratliff,ratlith01
1995,19,Randolph Childress,childra01
1995,20,Jason Caffey,caffeja01
1995,21,Michael Finley,finlemi01
1995,22,George Zídek,zidekge01
1995,23,Travis Best,besttr01
1995,24,Loren Meyer,meyerlo01
1995,25,David Vaughn,vaughda02
1995,26,Sherell Ford,fordsh01
1995,27,Mario Bennett,bennema01
1995,28,Greg Ostertag,ostergr01
1995,29,Cory Alexander,alexaco01
1995,30,Lou Roe,roelo01
1995,31,Dragan Tarlać,tarladr01
1995,32,Terrence Rencher,renchte01
1995,33,Junior Burrough,burroju01
1995,34,Andrew DeClercq,declean01
1995,35,Jimmy King,kingji02
1995,36,Lawrence Moten,motenla01
1995,37,Frankie King,kingfr01
1995,39,Donny Marshall,marshdo02
1995,40,Dwayne Whitfield,whitfdw01
1995,42,Donnie Boyce,boycedo01
1995,43,Eric Snow,snower01
1995,47,Tyus Edney,edneyty01
1995,48,Mark Davis,davisma02
1995,49,Jerome Allen,allenje01
1995,50,Martin Lewis,lewisma01
1995,52,Fred Hoiberg,hoibefr01
1995,55,Michael McDonald,mcdonmi01
1995,56,Chris Carr,carrch01
1995,57,Cuonzo Martin,marticu01
1995,58,Don Reid,reiddo01
1996,1,Allen Iverson,iversal01
1996,2,Marcus Camby,cambyma01
1996,3,Shareef Abdur-Rahim,abdursh01
1996,4,Stephon Marbury,marbust01
1996,5,Ray Allen,allenra02
1996,6,Antoine Walker,walkean02
1996,7,Lorenzen Wright,wrighlo02
1996,8,Kerry Kittles,kittlke01
1996,9,Samaki Walker,walkesa01
1996,10,Erick Dampier,dampier01
1996,11,Todd Fuller,fulleto02
1996,12,Vitaly Potapenko,potapvi01
1996,13,Kobe Bryant,bryanko01
1996,14,Peja Stojaković,stojape01
1996,15,Steve Nash,nashst01
1996,16,Tony Delk,delkto01
1996,17,Jermaine O'Neal,onealje01
1996,18,John Wallace,wallajo01
1996,19,Walter McCarty,mccarwa01
1996,20,Zydrunas Ilgauskas,ilgauzy01
1996,21,Dontae' Jones,jonesdo01
1996,22,Roy Rogers,rogerro02
1996,23,Efthimi Rentzias,rentzef01
1996,24,Derek Fisher,fishede01
1996,25,Martin Müürsepp,muursma01
1996,26,Jerome Williams,willije01
1996,27,Brian Evans,evansbr01
1996,28,Priest Lauderdale,laudepr01
1996,29,Travis Knight,knightr01
1996,30,Othella Harrington,harriot01
1996,31,Mark Hendrickson,hendrma01
1996,33,Moochie Norris,norrimo01
1996,37,Jeff McInnis,mcinnje01
1996,38,Steve Hamer,hamerst01
1996,41,Jason Sasser,sasseja01
1996,42,Randy Livingston,livinra01
1996,43,Ben Davis,davisbe01
1996,44,Malik Rose,rosema01
1996,46,Marcus Brown,brownma01
1996,48,Jamie Feick,feickja01
1996,49,Amal McCaskill,mccasam01
1996,51,Chris Robinson,robinch01
1996,52,Mark Pope,popema01
1996,53,Jeff Nordgaard,nordgje01
1996,54,Shandon Anderson,andersh01
1996,56,Reggie Geary,gearyre01
1996,57,Drew Barry,barrydr01
1997,1,Tim Duncan,duncati01
1997,2,Keith Van Horn,vanhoke01
1997,3,Chauncey Billups,billuch01
1997,4,Antonio Daniels,daniean01
1997,5,Tony Battie,battito01
1997,6,Ron Mercer,mercero01
1997,7,Tim Thomas,thomati01
1997,8,Adonal Foyle,foylead01
1997,9,Tracy McGrady,mcgratr01
1997,10,Danny Fortson,fortsda01
1997,11,Tariq Abdul-Wahad,abdulta01
1997,12,Austin Croshere,croshau01
1997,13,Derek Anderson,anderde01
1997,14,Maurice Taylor,tayloma01
1997,15,Kelvin Cato,catoke01
1997,16,Brevin Knight,knighbr01
1997,17,Johnny Taylor,taylojo01
1997,18,Chris Anstey,anstech01
1997,19,Scot Pollard,pollasc01
1997,20,Paul Grant,grantpa01
1997,21,Anthony Parker,parkean01
1997,22,Ed Gray,grayed01
1997,23,Bobby Jackson,jacksbo01
1997,24,Rodrick Rhodes,rhodero01
1997,25,John Thomas,thomajo02
1997,26,Charles Smith,smithch04
1997,27,Jacque Vaughn,vaughja01
1997,28,Keith Booth,boothke01
1997,31,Charles O'Bannon,obannch01
1997,32,James Cotton,cottoja02
1997,33,Marko Milič,milicma01
1997,34,Bubba Wells,wellsbu01
1997,35,Kebu Stewart,stewake01
1997,36,James Collins,collija01
1997,37,Marc Jackson,jacksma02
1997,38,Jerald Honeycutt,honeyje01
1997,39,Anthony Johnson,johnsan02
1997,41,Jason Lawson,lawsoja01
1997,42,Stephen Jackson,jacksst02
1997,44,Cedric Henderson,hendece02
1997,45,God Shammgod,shammgo01
1997,46,Eric Washington,washier01
1997,47,Alvin Williams,willial02
1997,48,Predrag Drobnjak,drobnpr01
1997,50,Chris Crawford,crawfch01
1997,51,DeJuan Wheat,wheatde01
1997,54,Mark Blount,blounma01
1998,1,Michael Olowokandi,olowomi01
1998,2,Mike Bibby,bibbymi01
1998,3,Raef LaFrentz,lafrera01
1998,4,Antawn Jamison,jamisan01
1998,5,Vince Carter,cartevi01
1998,6,Robert Traylor,traylro01
1998,7,Jason Williams,willija02
1998,8,Larry Hughes,hughela01
1998,9,Dirk Nowitzki,nowitdi01
1998,10,Paul Pierce,piercpa01
1998,11,Bonzi Wells,wellsbo01
1998,12,Michael Doleac,doleami01
1998,13,Keon Clark,clarkke01
1998,14,Michael Dickerson,dickemi01
1998,15,Matt Harpring,harprma01
1998,16,Bryce Drew,drewbr01
1998,17,Rasho Nesterović,nestera01
1998,18,Mirsad Türkcan,turkcmi01
1998,19,Pat Garrity,garripa01
1998,20,Roshown McLeod,mcleoro01
1998,21,Ricky Davis,davisri01
1998,22,Brian Skinner,skinnbr01
1998,23,Tyronn Lue,luety01
1998,24,Felipe López,lopezfe01
1998,25,Al Harrington,harrial01
1998,26,Sam Jacobson,jacobsa01
1998,27,Vladimir Stepania,stepavl01
1998,28,Corey Benjamin,benjaco01
1998,29,Nazr Mohammed,mohamna01
1998,30,Ansu Sesay,sesayan01
1998,31,Ruben Patterson,patteru01
1998,32,Rashard Lewis,lewisra02
1998,33,Jelani McCoy,mccoyje01
1998,34,Shammond Williams,willish01
1998,35,Bruno Šundov,sundobr01
1998,36,Jerome James,jamesje01
1998,37,Casey Shaw,shawca01
1998,38,DeMarco Johnson,johnsde02
1998,39,Rafer Alston,alstora01
1998,40,Korleone Young,youngko01
1998,41,Cuttino Mobley,moblecu01
1998,42,Miles Simon,simonmi01
1998,43,Jahidi White,whiteja01
1998,44,Sean Marks,marksse01
1998,45,Toby Bailey,baileto01
1998,46,Andrae Patterson,pattean01
1998,47,Tyson Wheeler,wheelty01
1998,48,Ryan Stack,stackry01
1998,49,Cory Carr,carrco01
1998,52,Derrick Dial,dialde01
1998,53,Greg Buckner,buckngr01
1998,54,Tremaine Fowlkes,fowlktr01
1998,55,Ryan Bowen,bowenry01
1998,56,J.R. Henderson,hendejr01
1998,57,Torraye Braggs,braggto01
1998,58,Maceo Baston,bastoma01
1999,1,Elton Brand,brandel01
1999,2,Steve Francis,francst01
1999,3,Baron Davis,davisba01
1999,4,Lamar Odom,odomla01
1999,5,Jonathan Bender,bendejo01
1999,6,Wally Szczerbiak,szczewa02
1999,7,Richard Hamilton,hamilri01
1999,8,Andre Miller,millean02
1999,9,Shawn Marion,mariosh01
1999,10,Jason Terry,terryja01
1999,11,Trajan Langdon,langdtr01
1999,12,Aleksandar Radojević,radojal01
1999,13,Corey Maggette,maggeco01
1999,14,William Avery,averywi01
1999,16,Metta World Peace,artesro01
1999,17,Cal Bowdler,bowdlca01
1999,18,James Posey,poseyja01
1999,19,Quincy Lewis,lewisqu01
1999,20,Dion Glover,glovedi01
1999,21,Jeff Foster,fosteje01
1999,22,Kenny Thomas,thomake01
1999,23,Devean George,georgde01
1999,24,Andrei Kirilenko,kirilan01
1999,25,Tim James,jamesti01
1999,26,Vonteego Cummings,cummivo01
1999,27,Jumaine Jones,jonesju01
1999,28,Scott Padgett,padgesc01
1999,29,Leon Smith,smithle01
1999,30,John Celestand,celesjo01
1999,32,Michael Ruffin,ruffimi01
1999,33,Chris Herren,herrech01
1999,34,Evan Eschmeyer,eschmev01
1999,35,Calvin Booth,boothca01
1999,36,Wang Zhizhi,zhizhwa01
1999,37,Obinna Ekezie,ekeziob01
1999,38,Laron Profit,profila01
1999,39,A.J. Bramlett,bramlaj01
1999,40,Gordan Giriček,giricgo01
1999,41,Francisco Elson,elsonfr01
1999,43,Lee Nailon,nailole01
1999,45,Ryan Robertson,roberry01
1999,47,Todd MacCulloch,maccuto01
1999,49,Lari Ketner,ketnela01
1999,50,Venson Hamilton,hamilve01
1999,53,Rodney Buford,buforro01
1999,56,Tim Young,youngti01
1999,57,Manu Ginóbili,ginobma01
2000,1,Kenyon Martin,martike01
2000,2,Stromile Swift,swiftst01
2000,3,Darius Miles,milesda01
2000,4,Marcus Fizer,fizerma01
2000,5,Mike Miller,millemi01
2000,6,DerMarr Johnson,johnsde03
2000,7,Chris Mihm,mihmch01
2000,8,Jamal Crawford,crawfja01
2000,9,Joel Przybilla,przybjo01
2000,10,Keyon Dooling,doolike01
2000,11,Jérôme Moïso,moisoje01
2000,12,Etan Thomas,thomaet01
2000,13,Courtney Alexander,alexaco02
2000,14,Mateen Cleaves,cleavma01
2000,15,Jason Collier,collija02
2000,16,Hedo Türkoğlu,turkohe01
2000,17,Desmond Mason,masonde01
2000,18,Quentin Richardson,richaqu01
2000,19,Jamaal Magloire,magloja01
2000,20,Speedy Claxton,claxtsp01
2000,21,Morris Peterson,petermo01
2000,22,Donnell Harvey,harvedo01
2000,23,DeShawn Stevenson,stevede01
2000,24,Dalibor Bagarić,bagarda01
2000,25,Jake Tsakalidis,tsakaja01
2000,26,Mamadou N'Diaye,ndiayma02
2000,27,Primož Brezec,brezepr01
2000,28,Erick Barkley,barkler01
2000,29,Mark Madsen,madsema01
2000,30,Marko Jarić,jaricma01
2000,31,Dan Langhi,langhda01
2000,32,A.J. Guyton,guytoaj01
2000,33,Jake Voskuhl,voskuja01
2000,34,Khalid El-Amin,elamikh01
2000,35,Mike Smith,smithmi03
2000,36,Soumaila Samake,samakso01
2000,37,Eddie House,houseed01
2000,38,Eduardo Nájera,najered01
2000,39,Lavor Postell,postela01
2000,40,Hanno Möttölä,mottoha01
2000,42,Olumide Oyedeji,oyedeol01
2000,43,Michael Redd,reddmi01
2000,44,Brian Cardinal,cardibr01
2000,45,Jabari Smith,smithja01
2000,49,Jason Hart,hartja01
2000,50,Kaniel Dickens,dickeka01
2000,51,Igor Rakočević,rakocig01
2000,52,Ernest Brown,browner01
2000,53,Dan McClintock,mcclida01
2000,55,Chris Porter,portech01
2001,1,Kwame Brown,brownkw01
2001,2,Tyson Chandler,chandty01
2001,3,Pau Gasol,gasolpa01
2001,4,Eddy Curry,curryed01
2001,5,Jason Richardson,richaja01
2001,6,Shane Battier,battish01
2001,7,Eddie Griffin,griffed01
2001,8,DeSagana Diop,diopde01
2001,9,Rodney White,whitero02
2001,10,Joe Johnson,johnsjo02
2001,11,Kedrick Brown,brownke01
2001,12,Vladimir Radmanović,radmavl01
2001,13,Richard Jefferson,jefferi01
2001,14,Troy Murphy,murphtr01
2001,15,Steven Hunter,huntest01
2001,16,Kirk Haston,hastoki01
2001,17,Michael Bradley,bradlmi01
2001,18,Jason Collins,collija04
2001,19,Zach Randolph,randoza01
2001,20,Brendan Haywood,haywobr01
2001,21,Joseph Forte,fortejo01
2001,22,Jeryl Sasser,sasseje01
2001,23,Brandon Armstrong,armstbr01
2001,24,Raül López,lopezra01
2001,25,Gerald Wallace,wallage01
2001,26,Samuel Dalembert,dalemsa01
2001,27,Jamaal Tinsley,tinslja01
2001,28,Tony Parker,parketo01
2001,30,Trenton Hassell,hassetr01
2001,31,Gilbert Arenas,arenagi01
2001,32,Omar Cook,cookom01
2001,33,Will Solomon,solomwi01
2001,34,Terence Morris,morrite01
2001,35,Brian Scalabrine,scalabr01
2001,36,Jeff Trepagnier,trepaje01
2001,37,Damone Brown,brownda02
2001,38,Mehmet Okur,okurme01
2001,40,Earl Watson,watsoea01
2001,41,Jamison Brewer,breweja01
2001,42,Bobby Simmons,simmobo01
2001,45,Sean Lampley,lamplse01
2001,46,Loren Woods,woodslo01
2001,48,Antonis Fotsis,fotsian01
2001,49,Ken Johnson,johnske03
2001,50,Ruben Boumtje-Boumtje,boumtru01
2001,51,Alton Ford,fordal02
2001,53,Jarron Collins,collija03
2001,54,Kenny Satterfield,satteke01
2001,56,Robertas Javtokas,javtoro01
2001,57,Alvin Jones,jonesal01
2002,1,Yao Ming,mingya01
2002,2,Jay Williams,willija03
2002,3,Mike Dunleavy,dunlemi02
2002,4,Drew Gooden,goodedr01
2002,5,Nikoloz Tskitishvili,tskitni01
2002,6,Dajuan Wagner,wagneda02
2002,7,Nenê Hilário,hilarne01
2002,8,Chris Wilcox,wilcoch01
2002,9,Amar'e Stoudemire,stoudam01
2002,10,Caron Butler,butleca01
2002,11,Jared Jeffries,jeffrja01
2002,12,Melvin Ely,elyme01
2002,13,Marcus Haislip,haislma01
2002,14,Fred Jones,jonesfr01
2002,15,Boštjan Nachbar,nachbbo01
2002,16,Jiří Welsch,welscji01
2002,17,Juan Dixon,dixonju01
2002,18,Curtis Borchardt,borchcu01
2002,19,Ryan Humphrey,humphry01
2002,20,Kareem Rush,rushka01
2002,21,Qyntel Woods,woodsqy01
2002,22,Casey Jacobsen,jacobca01
2002,23,Tayshaun Prince,princta01
2002,24,Nenad Krstić,krstine01
2002,25,Frank Williams,willifr02
2002,26,John Salmons,salmojo01
2002,27,Chris Jefferies,jeffech01
2002,28,Dan Dickau,dickada01
2002,31,Roger Mason,masonro01
2002,32,Robert Archibald,archiro01
2002,33,Vincent Yarbrough,yarbrvi01
2002,34,Dan Gadzuric,gadzuda01
2002,35,Carlos Boozer,boozeca01
2002,37,David Andersen,anderda03
2002,38,Tito Maddox,maddoti01
2002,40,Juan Carlos Navarro,navarju01
2002,41,Mario Kasun,kasunma01
2002,42,Ronald Murray,murraro01
2002,44,Lonny Baxter,baxtelo01
2002,46,Matt Barnes,barnema02
2002,47,Jamal Sampson,sampsja01
2002,48,Chris Owens,owensch01
2002,50,Darius Songaila,songada01
2002,53,Rasual Butler,butlera01
2002,54,Tamar Slay,slayta01
2002,56,Luis Scola,scolalu01
2002,57,Randy Holcomb,holcora01
2002,58,Corsley Edwards,edwarco01
2003,1,LeBron James,jamesle01
2003,2,Darko Miličić,milicda01
2003,3,Carmelo Anthony,anthoca01
2003,4,Chris Bosh,boshch01
2003,5,Dwyane Wade,wadedw01
2003,6,Chris Kaman,kamanch01
2003,7,Kirk Hinrich,hinriki01
2003,8,T.J. Ford,fordtj01
2003,9,Mike Sweetney,sweetmi01
2003,10,Jarvis Hayes,hayesja01
2003,11,Mickaël Piétrus,pietrmi01
2003,12,Nick Collison,collini01
2003,13,Marcus Banks,banksma01
2003,14,Luke Ridnour,ridnolu01
2003,15,Reece Gaines,gainere01
2003,16,Troy Bell,belltr01
2003,17,Žarko Čabarkapa,cabarza01
2003,18,David West,westda01
2003,19,Sasha Pavlović,pavloal01
2003,20,Dahntay Jones,jonesda02
2003,21,Boris Diaw,diawbo01
2003,22,Zoran Planinić,planizo01
2003,23,Travis Outlaw,outlatr01
2003,24,Brian Cook,cookbr01
2003,25,Carlos Delfino,delfica01
2003,26,Ndudi Ebi,ebind01
2003,27,Kendrick Perkins,perkike01
2003,28,Leandro Barbosa,barbole01
2003,29,Josh Howard,howarjo01
2003,30,Maciej Lampe,lampema01
2003,31,Jason Kapono,kaponja01
2003,32,Luke Walton,waltolu01
2003,33,Jerome Beasley,beaslje01
2003,34,Sofoklis Schortsanitis,schorso01
2003,35,Szymon Szewczyk,szewcsz01
2003,36,Mario Austin,austima01
2003,37,Travis Hansen,hansetr01
2003,38,Steve Blake,blakest01
2003,39,Slavko Vraneš,vranesl01
2003,40,Derrick Zimmerman,zimmede01
2003,41,Willie Green,greenwi01
2003,42,Zaza Pachulia,pachuza01
2003,43,Keith Bogans,boganke01
2003,45,Matt Bonner,bonnema01
2003,46,Sani Bečirovič,becirsa01
2003,47,Mo Williams,willima01
2003,48,James Lang,langja01
2003,49,James Jones,jonesja02
2003,50,Paccelis Morlende,morlepa01
2003,51,Kyle Korver,korveky01
2003,54,Nedžad Sinanović,sinanne01
2003,56,Brandon Hunter,huntebr01
2003,57,Xue Yuyang,yuyanxu01
2003,58,Andreas Glyniadakis,glynian01
2004,1,Dwight Howard,howardw01
2004,2,Emeka Okafor,okafoem01
2004,3,Ben Gordon,gordobe01
2004,4,Shaun Livingston,livinsh01
2004,5,Devin Harris,harride01
2004,6,Josh Childress,childjo01
2004,7,Luol Deng,denglu01
2004,8,Rafael Araújo,araujra01
2004,9,Andre Iguodala,iguodan01
2004,10,Luke Jackson,jackslu02
2004,11,Andris Biedriņš,biedran01
2004,12,Robert Swift,swiftro01
2004,13,Sebastian Telfair,telfase01
2004,14,Kris Humphries,humphkr01
2004,15,Al Jefferson,jeffeal01
2004,16,Kirk Snyder,snydeki01
2004,17,Josh Smith,smithjo03
2004,18,J.R. Smith,smithjr01
2004,19,Dorell Wright,wrighdo01
2004,20,Jameer Nelson,nelsoja01
2004,21,Pavel Podkolzin,podkopa01
2004,22,Viktor Khryapa,khryavi01
2004,23,Sergei Monia,moniase01
2004,24,Delonte West,westde01
2004,25,Tony Allen,allento01
2004,26,Kevin Martin,martike02
2004,27,Sasha Vujačić,vujacsa01
2004,28,Beno Udrih,udrihbe01
2004,29,David Harrison,harrida01
2004,30,Anderson Varejão,varejan01
2004,31,Jackson Vroman,vromaja01
2004,32,Peter John Ramos,ramospe01
2004,33,Lionel Chalmers,chalmli01
2004,34,Donta Smith,smithdo04
2004,35,Andre Emmett,emmetan01
2004,36,Antonio Burks,burksan01
2004,37,Royal Ivey,iveyro01
2004,38,Chris Duhon,duhonch01
2004,39,Albert Miralles,miralal01
2004,40,Justin Reed,reedju01
2004,42,Viktor Sanikidze,sanikvi01
2004,43,Trevor Ariza,arizatr01
2004,45,Bernard Robinson,robinbe01
2004,46,Ha Seung-Jin,seungha01
2004,47,Pape Sow,sowpa01
2004,49,Sergei Lishouk,lishcse01
2004,50,Vassilis Spanoulis,spanova01
2004,53,Matt Freije,freijma01
2004,55,Luis Flores,florelu01
2004,57,Sergei Karaulov,karause01
2005,1,Andrew Bogut,bogutan01
2005,2,Marvin Williams,willima02
2005,3,Deron Williams,willide01
2005,4,Chris Paul,paulch01
2005,5,Raymond Felton,feltora01
2005,6,Martell Webster,webstma02
2005,7,Charlie Villanueva,villach01
2005,8,Channing Frye,fryech01
2005,9,Ike Diogu,dioguik01
2005,10,Andrew Bynum,bynuman01
2005,11,Fran Vázquez,vazqufr01
2005,12,Yaroslav Korolev,korolya01
2005,13,Sean May,mayse01
2005,14,Rashad McCants,mccanra01
2005,15,Antoine Wright,wrighan01
2005,16,Joey Graham,grahajo01
2005,17,Danny Granger,grangda01
2005,18,Gerald Green,greenge01
2005,19,Hakim Warrick,warriha01
2005,20,Julius Hodge,hodgeju01
2005,21,Nate Robinson,robinna01
2005,22,Jarrett Jack,jackja01
2005,23,Francisco García,garcifr01
2005,24,Luther Head,headlu01
2005,25,Johan Petro,petrojo01
2005,26,Jason Maxiell,maxieja01
2005,27,Linas Kleiza,kleizli01
2005,28,Ian Mahinmi,mahinia01
2005,29,Wayne Simien,simiewa01
2005,30,David Lee,leeda02
2005,31,Salim Stoudamire,stoudsa01
2005,32,Daniel Ewing,ewingda01
2005,33,Brandon Bass,bassbr01
2005,34,C.J. Miles,milescj01
2005,36,Ersan İlyasova,ilyaser01
2005,37,Ronny Turiaf,turiaro01
2005,38,Travis Diener,dienetr01
2005,39,Von Wafer,wafervo01
2005,40,Monta Ellis,ellismo01
2005,41,Roko Ukić,ukicro01
2005,42,Chris Taft,taftch01
2005,43,Mile Ilić,ilicmi01
2005,44,Martynas Andriuškevičius,andrima01
2005,45,Lou Williams,willilo02
2005,46,Erazem Lorbek,lorbeer01
2005,47,Bracey Wright,wrighbr02
2005,48,Mickaël Gelabale,gelabmi01
2005,49,Andray Blatche,blatcan01
2005,50,Ryan Gomes,gomesry01
2005,51,Robert Whaley,whalero01
2005,52,Axel Hervelle,herveax01
2005,53,Orien Greene,greenor01
2005,54,Dijon Thompson,thompdi01
2005,55,Lawrence Roberts,roberla01
2005,56,Amir Johnson,johnsam01
2005,57,Marcin Gortat,gortama01
2005,58,Uroš Slokar,slokaur01
2005,59,Cenk Akyol,akyolce01
2005,60,Alex Acker,ackeral01
2006,1,Andrea Bargnani,bargnan01
2006,2,LaMarcus Aldridge,aldrila01
2006,3,Adam Morrison,morriad01
2006,4,Tyrus Thomas,thomaty01
2006,5,Shelden Williams,willish02
2006,6,Brandon Roy,roybr01
2006,7,Randy Foye,foyera01
2006,8,Rudy Gay,gayru01
2006,9,Patrick O'Bryant,obryapa01
2006,10,Mouhamed Sene,senesa01
2006,11,J.J. Redick,redicjj01
2006,12,Hilton Armstrong,armsthi01
2006,13,Thabo Sefolosha,sefolth01
2006,14,Ronnie Brewer,brewero02
2006,15,Cedric Simmons,simmoce01
2006,16,Rodney Carney,carnero01
2006,17,Shawne Williams,willish03
2006,18,Oleksiy Pecherov,pecheol01
2006,19,Quincy Douby,doubyqu01
2006,20,Renaldo Balkman,balkmre01
2006,21,Rajon Rondo,rondora01
2006,22,Marcus Williams,willima03
2006,23,Josh Boone,boonejo01
2006,24,Kyle Lowry,lowryky01
2006,25,Shannon Brown,brownsh01
2006,26,Jordan Farmar,farmajo01
2006,27,Sergio Rodríguez,rodrise01
2006,28,Maurice Ager,agerma01
2006,29,Mardy Collins,collima01
2006,30,Joel Freeland,freeljo01
2006,31,James White,whiteja02
2006,32,Steve Novak,novakst01
2006,33,Solomon Jones,jonesso01
2006,34,Paul Davis,davispa01
2006,35,P.J. Tucker,tuckepj01
2006,36,Craig Smith,smithcr01
2006,37,Bobby Jones,jonesbo02
2006,38,Kosta Perović,perovko01
2006,39,David Noel,noelda01
2006,41,James Augustine,augusja01
2006,42,Daniel Gibson,gibsoda01
2006,43,Marcus Vinicius,vincima01
2006,44,Lior Eliyahu,eliyali01
2006,45,Alexander Johnson,johnsal01
2006,46,Dee Brown,brownde03
2006,47,Paul Millsap,millspa01
2006,48,Vladimir Veremeenko,veremvl01
2006,49,Leon Powe,powele01
2006,50,Ryan Hollins,holliry01
2006,51,Cheikh Samb,sambch01
2006,52,Guillermo Díaz,diazgu01
2006,53,Yotam Halperin,halpeyo01
2006,54,Hassan Adams,adamsha01
2006,55,Ejike Ugboaja,ugboaej01
2006,56,Edin Bavčić,bavcied01
2006,59,Damir Markota,markoda01
2006,60,Will Blalock,blalowi01
2007,1,Greg Oden,odengr01
2007,2,Kevin Durant,duranke01
2007,3,Al Horford,horfoal01
2007,4,Mike Conley,conlemi01
2007,5,Jeff Green,greenje02
2007,6,Yi Jianlian,jianlyi01
2007,7,Corey Brewer,breweco01
2007,8,Brandan Wright,wrighbr03
2007,9,Joakim Noah,noahjo01
2007,10,Spencer Hawes,hawessp01
2007,11,Acie Law,lawac01
2007,12,Thaddeus Young,youngth01
2007,13,Julian Wright,wrighju01
2007,14,Al Thornton,thornal01
2007,15,Rodney Stuckey,stuckro01
2007,16,Nick Young,youngni01
2007,17,Sean Williams,willise01
2007,18,Marco Belinelli,belinma01
2007,19,Javaris Crittenton,crittja01
2007,20,Jason Smith,smithja02
2007,21,Daequan Cook,cookda02
2007,22,Jared Dudley,dudleja01
2007,23,Wilson Chandler,chandwi01
2007,24,Rudy Fernández,fernaru01
2007,25,Morris Almond,almonmo01
2007,26,Aaron Brooks,brookaa01
2007,27,Arron Afflalo,afflaar01
2007,28,Tiago Splitter,splitti01
2007,29,Alando Tucker,tuckeal02
2007,30,Petteri Koponen,koponpe01
2007,31,Carl Landry,landrca01
2007,32,Gabe Pruitt,pruitga01
2007,33,Marcus Williams,willima04
2007,34,Nick Fazekas,fazekni01
2007,35,Glen Davis,davisgl01
2007,36,Jermareo Davidson,davidje01
2007,37,Josh McRoberts,mcrobjo01
2007,38,Kyrylo Fesenko,fesenky01
2007,39,Stanko Barać,baracst01
2007,40,Sun Yue,yuesu01
2007,41,Chris Richard,richach01
2007,42,Derrick Byars,byarsde01
2007,46,Stéphane Lasme,lasmest01
2007,47,Dominic McGuire,mcguido01
2007,48,Marc Gasol,gasolma01
2007,49,Aaron Gray,grayaa01
2007,50,Renaldas Seibutis,seibure01
2007,51,JamesOn Curry,curryja01
2007,52,Taurean Green,greenta01
2007,53,Demetris Nichols,nichode01
2007,54,Brad Newley,newlebr01
2007,56,Ramon Sessions,sessira01
2007,58,Georgios Printezis,printgi01
2007,59,D.J. Strawberry,strawdj01
2007,60,Milovan Raković,rakovmi01
2008,1,Derrick Rose,rosede01
2008,2,Michael Beasley,beaslmi01
2008,3,O.J. Mayo,mayooj01
2008,4,Russell Westbrook,westbru01
2008,5,Kevin Love,loveke01
2008,6,Danilo Gallinari,gallida01
2008,7,Eric Gordon,gordoer01
2008,8,Joe Alexander,alexajo01
2008,9,D.J. Augustin,augusdj01
2008,10,Brook Lopez,lopezbr01
2008,11,Jerryd Bayless,bayleje01
2008,12,Jason Thompson,thompja02
2008,13,Brandon Rush,rushbr01
2008,14,Anthony Randolph,randoan01
2008,15,Robin Lopez,lopezro01
2008,16,Marreese Speights,speigma01
2008,17,Roy Hibbert,hibbero01
2008,18,JaVale McGee,mcgeeja01
2008,19,J.J. Hickson,hicksjj01
2008,20,Alexis Ajinça,ajincal01
2008,21,Ryan Anderson,anderry01
2008,22,Courtney Lee,leeco01
2008,23,Kosta Koufos,koufoko01
2008,24,Serge Ibaka,ibakase01
2008,25,Nicolas Batum,batumni01
2008,26,George Hill,hillge01
2008,27,Darrell Arthur,arthuda01
2008,28,Donté Greene,greendo01
2008,29,D.J. White,whitedj01
2008,30,J.R. Giddens,giddejr01
2008,31,Nikola Peković,pekovni01
2008,32,Walter Sharpe,sharpwa01
2008,33,Joey Dorsey,dorsejo01
2008,34,Mario Chalmers,chalmma01
2008,35,DeAndre Jordan,jordade01
2008,36,Ömer Aşık,asikom01
2008,37,Luc Richard Mbah a Moute,mbahalu01
2008,38,Kyle Weaver,weaveky01
2008,39,Sonny Weems,weemsso01
2008,40,Chris Douglas-Roberts,douglch01
2008,41,Nathan Jawai,jawaina01
2008,42,Sean Singletary,singlse01
2008,43,Pat Ewing,ewingpa02
2008,44,Ante Tomić,tomican01
2008,45,Goran Dragić,dragigo01
2008,47,Bill Walker,walkebi01
2008,48,Malik Hairston,hairsma01
2008,50,DeVon Hardin,hardide01
2008,52,Darnell Jackson,jacksda01
2008,53,Tadija Dragićević,dragita01
2008,54,Maarty Leunen,leunema01
2008,55,Mike Taylor,taylomi01
2008,56,Sasha Kaun,kaunsa01
2008,58,Joe Crawford,crawfjo01
2008,60,Semih Erden,erdense01
2009,1,Blake Griffin,griffbl01
2009,2,Hasheem Thabeet,thabeha01
2009,3,James Harden,hardeja01
2009,4,Tyreke Evans,evansty01
2009,5,Ricky Rubio,rubiori01
2009,6,Jonny Flynn,flynnjo01
2009,7,Stephen Curry,curryst01
2009,8,Jordan Hill,hilljo01
2009,9,DeMar DeRozan,derozde01
2009,10,Brandon Jennings,jennibr01
2009,11,Terrence Williams,willite01
2009,12,Gerald Henderson,hendege02
2009,13,Tyler Hansbrough,hansbty01
2009,14,Earl Clark,clarkea01
2009,15,Austin Daye,dayeau01
2009,16,James Johnson,johnsja01
2009,17,Jrue Holiday,holidjr01
2009,18,Ty Lawson,lawsoty01
2009,19,Jeff Teague,teaguje01
2009,20,Eric Maynor,maynoer01
2009,21,Darren Collison,collida01
2009,22,Victor Claver,clavevi01
2009,23,Omri Casspi,casspom01
2009,24,BJ Mullens,mulleby01
2009,25,Rodrigue Beaubois,beaubro01
2009,26,Taj Gibson,gibsota01
2009,27,DeMarre Carroll,carrode01
2009,28,Wayne Ellington,ellinwa01
2009,29,Toney Douglas,douglto01
2009,30,Christian Eyenga,eyengch01
2009,31,Jeff Pendergraph,pendeje02
2009,32,Jermaine Taylor,tayloje02
2009,33,Dante Cunningham,cunnida01
2009,34,Sergio Llull,llullse01
2009,35,DaJuan Summers,summeda01
2009,36,Sam Young,youngsa01
2009,37,DeJuan Blair,blairde01
2009,38,Jon Brockman,brockjo01
2009,39,Jonas Jerebko,jerebjo01
2009,40,Derrick Brown,brownde04
2009,41,Jodie Meeks,meeksjo01
2009,42,Patrick Beverley,beverpa01
2009,43,Marcus Thornton,thornma01
2009,44,Chase Budinger,budinch01
2009,45,Nick Calathes,calatni01
2009,46,Danny Green,greenda02
2009,47,Henk Norel,norelhe01
2009,48,Taylor Griffin,griffta01
2009,49,Sergiy Gladyr,gladyse01
2009,52,A.J. Price,priceaj01
2009,53,Nando De Colo,decolna01
2009,55,Patrick Mills,millspa02
2009,57,Emir Preldžić,preldem01
2009,58,Lester Hudson,hudsole01
2009,59,Chinemelu Elonu,elonuch01
2010,1,John Wall,walljo01
2010,2,Evan Turner,turneev01
2010,3,Derrick Favors,favorde01
2010,4,Wesley Johnson,johnswe01
2010,5,DeMarcus Cousins,couside01
2010,6,Ekpe Udoh,udohek01
2010,7,Greg Monroe,monrogr01
2010,8,Al-Farouq Aminu,aminual01
2010,9,Gordon Hayward,haywago01
2010,10,Paul George,georgpa01
2010,11,Cole Aldrich,aldrico01
2010,12,Xavier Henry,henryxa01
2010,13,Ed Davis,davised01
2010,14,Patrick Patterson,pattepa01
2010,15,Larry Sanders,sandela01
2010,16,Luke Babbitt,babbilu01
2010,17,Kevin Séraphin,serapke01
2010,18,Eric Bledsoe,bledser01
2010,19,Avery Bradley,bradlav01
2010,20,James Anderson,anderja01
2010,21,Craig Brackins,brackcr01
2010,22,Elliot Williams,williel01
2010,23,Trevor Booker,booketr01
2010,24,Damion James,jamesda01
2010,25,Dominique Jones,jonesdo02
2010,26,Quincy Pondexter,pondequ01
2010,27,Jordan Crawford,crawfjo02
2010,28,Greivis Vásquez,vasqugr01
2010,29,Daniel Orton,ortonda01
2010,30,Lazar Hayward,haywala01
2010,31,Tibor Pleiß,pleisti01
2010,32,Dexter Pittman,pittmde01
2010,33,Hassan Whiteside,whiteha01
2010,34,Armon Johnson,johnsar02
2010,35,Nemanja Bjelica,bjeline01
2010,37,Darington Hobson,hobsoda01
2010,38,Andy Rautins,rautian01
2010,39,Landry Fields,fieldla01
2010,40,Lance Stephenson,stephla01
2010,41,Jarvis Varnado,varnaja01
2010,43,Devin Ebanks,ebankde01
2010,44,Jerome Jordan,jordaje01
2010,45,Paulo Prestes,prestpa01
2010,46,Gani Lawal,lawalga01
2010,48,Latavious Williams,willila01
2010,49,Ryan Richards,richary01
2010,50,Solomon Alabi,alabiso01
2010,52,Luke Harangody,haranlu01
2010,53,Pape Sy,sypa01
2010,54,Willie Warren,warrewi01
2010,55,Jeremy Evans,evansje01
2010,56,Hamady N'Diaye,ndiayha01
2010,57,Ryan Reid,reidry01
2010,58,Derrick Caracter,caracde01
2010,60,Dwayne Collins,collidw01
2011,1,Kyrie Irving,irvinky01
2011,2,Derrick Williams,willide02
2011,3,Enes Kanter,kanteen01
2011,4,Tristan Thompson,thomptr01
2011,5,Jonas Valančiūnas,valanjo01
2011,6,Jan Veselý,veselja01
2011,7,Bismack Biyombo,biyombi01
2011,8,Brandon Knight,knighbr03
2011,9,Kemba Walker,walkeke02
2011,10,Jimmer Fredette,fredeji01
2011,11,Klay Thompson,thompkl01
2011,12,Alec Burks,burksal01
2011,13,Markieff Morris,morrima02
2011,14,Marcus Morris,morrima03
2011,15,Kawhi Leonard,leonaka01
2011,16,Nikola Vučević,vucevni01
2011,17,Iman Shumpert,shumpim01
2011,18,Chris Singleton,singlch01
2011,19,Tobias Harris,harrito02
2011,20,Donatas Motiejūnas,motiedo01
2011,21,Nolan Smith,smithno01
2011,22,Kenneth Faried,farieke01
2011,23,Nikola Mirotić,mirotni01
2011,24,Reggie Jackson,jacksre01
2011,25,MarShon Brooks,brookma01
2011,26,Jordan Hamilton,hamiljo02
2011,27,JaJuan Johnson,johnsja02
2011,28,Norris Cole,coleno01
2011,29,Cory Joseph,josepco01
2011,30,Jimmy Butler,butleji01
2011,31,Bojan Bogdanović,bogdabo02
2011,32,Justin Harper,harpeju01
2011,33,Kyle Singler,singlky01
2011,34,Shelvin Mack,macksh01
2011,35,Tyler Honeycutt,honeyty01
2011,36,Jordan Williams,willijo03
2011,37,Trey Thompkins,thomptr02
2011,38,Chandler Parsons,parsoch01
2011,39,Jeremy Tyler,tylerje01
2011,40,Jon Leuer,leuerjo01
2011,41,Darius Morris,morrida01
2011,42,Dāvis Bertāns,bertada01
2011,43,Malcolm Lee,leema01
2011,44,Charles Jenkins,jenkich01
2011,45,Josh Harrellson,harrejo01
2011,46,Andrew Goudelock,goudean01
2011,47,Travis Leslie,leslitr01
2011,48,Keith Benson,bensoke02
2011,49,Josh Selby,selbyjo01
2011,50,Lavoy Allen,allenla01
2011,51,Jon Diebler,diebljo01
2011,52,Vernon Macklin,macklve01
2011,53,DeAndre Liggins,liggide01
2011,54,Milan Mačvan,macvami01
2011,55,E'Twaun Moore,mooreet01
2011,56,Chukwudiebere Maduabum,maduach01
2011,58,Ater Majok,majokat01
2011,59,Ádám Hanga,hangaad01
2011,60,Isaiah Thomas,thomais02
2012,1,Anthony Davis,davisan02
2012,2,Michael Kidd-Gilchrist,kiddgmi01
2012,3,Bradley Beal,bealbr01
2012,4,Dion Waiters,waitedi01
2012,5,Thomas Robinson,robinth01
2012,6,Damian Lillard,lillada01
2012,7,Harrison Barnes,barneha02
2012,8,Terrence Ross,rosste01
2012,9,Andre Drummond,drumman01
2012,10,Austin Rivers,riverau01
2012,11,Meyers Leonard,leoname01
2012,12,Jeremy Lamb,lambje01
2012,13,Kendall Marshall,marshke01
2012,14,John Henson,hensojo01
2012,15,Maurice Harkless,harklma01
2012,16,Royce White,whitero03
2012,17,Tyler Zeller,zellety01
2012,18,Terrence Jones,joneste01
2012,19,Andrew Nicholson,nichoan01
2012,20,Evan Fournier,fournev01
2012,21,Jared Sullinger,sullija01
2012,22,Fab Melo,melofa01
2012,23,John Jenkins,jenkijo01
2012,24,Jared Cunningham,cunnija01
2012,25,Tony Wroten,wroteto01
2012,26,Miles Plumlee,plumlmi01
2012,27,Arnett Moultrie,moultar01
2012,28,Perry Jones,jonespe01
2012,29,Marquis Teague,teaguma01
2012,30,Festus Ezeli,ezelife01
2012,31,Jeffery Taylor,tayloje03
2012,32,Tomáš Satoranský,satorto01
2012,33,Bernard James,jamesbe01
2012,34,Jae Crowder,crowdja01
2012,35,Draymond Green,greendr01
2012,36,Orlando Johnson,johnsor01
2012,37,Quincy Acy,acyqu01
2012,38,Quincy Miller,millequ01
2012,39,Khris Middleton,middlkh01
2012,40,Will Barton,bartowi01
2012,41,Tyshawn Taylor,tayloty01
2012,42,Doron Lamb,lambdo01
2012,43,Mike Scott,scottmi01
2012,44,Kim English,engliki01
2012,45,Justin Hamilton,hamilju01
2012,46,Darius Miller,milleda01
2012,47,Kevin Murphy,murphke01
2012,48,Kostas Papanikolaou,papanko01
2012,49,Kyle O'Quinn,oquinky01
2012,50,İzzet Türkyılmaz,turkyiz01
2012,51,Kris Joseph,josepkr01
2012,52,Ognjen Kuzmić,kuzmiog01
2012,53,Furkan Aldemir,aldemfu01
2012,54,Tornike Shengelia,shengto01
2012,55,Darius Johnson-Odom,johnsda03
2012,56,Tomislav Zubčić,zubcito01
2012,57,İlkan Karaman,karamil01
2012,58,Robbie Hummel,hummero01
2012,59,Marcus Denmon,denmoma01
2012,60,Robert Sacre,sacrero01
2013,1,Anthony Bennett,bennean01
2013,2,Victor Oladipo,oladivi01
2013,3,Otto Porter,porteot01
2013,4,Cody Zeller,zelleco01
2013,5,Alex Len,lenal01
2013,6,Nerlens Noel,noelne01
2013,7,Ben McLemore,mclembe01
2013,8,Kentavious Caldwell-Pope,caldwke01
2013,9,Trey Burke,burketr01
2013,10,CJ McCollum,mccolcj01
2013,11,Michael Carter-Williams,cartemi01
2013,12,Steven Adams,adamsst01
2013,13,Kelly Olynyk,olynyke01
2013,14,Shabazz Muhammad,muhamsh01
2013,15,Giannis Antetokounmpo,antetgi01
2013,16,Lucas Nogueira,noguelu01
2013,17,Dennis Schröder,schrode01
2013,18,Shane Larkin,larkish01
2013,19,Sergey Karasev,karasse01
2013,20,Tony Snell,snellto01
2013,21,Gorgui Dieng,dienggo01
2013,22,Mason Plumlee,plumlma01
2013,23,Solomon Hill,hillso01
2013,24,Tim Hardaway Jr,hardati02
2013,25,Reggie Bullock,bullore01
2013,26,Andre Roberson,roberan03
2013,27,Rudy Gobert,goberru01
2013,28,Livio Jean-Charles,jeancli01
2013,29,Archie Goodwin,goodwar01
2013,30,Nemanja Nedović,nedovne01
2013,31,Allen Crabbe,crabbal01
2013,32,Álex Abrines,abrinal01
2013,33,Carrick Felix,felixca01
2013,34,Isaiah Canaan,canaais01
2013,35,Glen Rice Jr,ricegl02
2013,36,Ray McCallum,mccalra01
2013,37,Tony Mitchell,mitchto02
2013,38,Nate Wolters,woltena01
2013,39,Jeff Withey,witheje01
2013,40,Grant Jerrett,jerregr01
2013,41,Jamaal Franklin,frankja01
2013,42,Pierre Jackson,jackspi01
2013,43,Ricky Ledo,ledori01
2013,44,Mike Muscala,muscami01
2013,45,Marko Todorović,todorma01
2013,46,Erick Green,greener01
2013,47,Raul Neto,netora01
2013,48,Ryan Kelly,kellyry01
2013,49,Erik Murphy,murpher01
2013,50,James Ennis,ennisja01
2013,52,Lorenzo Brown,brownlo01
2013,53,Colton Iverson,iversco01
2013,54,Arsalan Kazemi,kazemar01
2013,55,Joffrey Lauvergne,lauvejo01
2013,56,Peyton Siva,sivape01
2013,57,Alex Oriakhi,oriakal01
2013,58,Deshaun Thomas,thomade01
2013,59,Bojan Dubljević,dubljbo01
2013,60,Jānis Timma,timmaja01
2014,1,Andrew Wiggins,wiggian01
2014,2,Jabari Parker,parkeja01
2014,3,Joel Embiid,embiijo01
2014,4,Aaron Gordon,gordoaa01
2014,5,Dante Exum,exumda01
2014,6,Marcus Smart,smartma01
2014,7,Julius Randle,randlju01
2014,8,Nik Stauskas,stausni01
2014,9,Noah Vonleh,vonleno01
2014,10,Elfrid Payton,paytoel01
2014,11,Doug McDermott,mcderdo01
2014,12,Dario Šarić,saricda01
2014,13,Zach LaVine,lavinza01
2014,14,T.J. Warren,warretj01
2014,15,Adreian Payne,paynead01
2014,16,Jusuf Nurkić,nurkiju01
2014,17,James Young,youngja01
2014,18,Tyler Ennis,ennisty01
2014,19,Gary Harris,harriga01
2014,20,Bruno Caboclo,cabocbr01
2014,21,Mitch McGary,mcgarmi01
2014,22,Jordan Adams,adamsjo01
2014,23,Rodney Hood,hoodro01
2014,24,Shabazz Napier,napiesh01
2014,25,Clint Capela,capelca01
2014,26,P.J. Hairston,hairspj02
2014,27,Bogdan Bogdanović,bogdabo01
2014,28,C.J. Wilcox,wilcocj01
2014,29,Josh Huestis,huestjo01
2014,30,Kyle Anderson,anderky01
2014,31,Damien Inglis,inglida01
2014,32,K.J. McDaniels,mcdankj01
2014,33,Joe Harris,harrijo01
2014,34,Cleanthony Early,earlycl01
2014,35,Jarnell Stokes,stokeja01
2014,36,Johnny O'Bryant,obryajo01
2014,37,DeAndre Daniels,daniede01
2014,38,Spencer Dinwiddie,dinwisp01
2014,39,Jerami Grant,grantje01
2014,40,Glenn Robinson,robingl02
2014,41,Nikola Jokić,jokicni01
2014,42,Nick Johnson,johnsni01
2014,43,Edy Tavares,tavarwa01
2014,44,Markel Brown,brownma02
2014,45,Dwight Powell,poweldw01
2014,46,Jordan Clarkson,clarkjo01
2014,47,Russ Smith,smithru01
2014,48,Lamar Patterson,pattela01
2014,49,Cameron Bairstow,bairsca01
2014,50,Alec Brown,brownal01
2014,51,Thanasis Antetokounmpo,antetth01
2014,52,Vasilije Micić,micicva01
2014,53,Alessandro Gentile,gential01
2014,54,Nemanja Dangubić,dangune01
2014,55,Semaj Christon,chrisse01
2014,56,Roy Devyn Marble,marblde01
2014,57,Louis Labeyrie,labeylo01
2014,58,Jordan McRae,mcraejo01
2014,59,Xavier Thames,thamexa01
2014,60,Cory Jefferson,jeffeco01
2015,1,Karl-Anthony Towns,townska01
2015,2,D'Angelo Russell,russeda01
2015,3,Jahlil Okafor,okafoja01
2015,4,Kristaps Porziņģis,porzikr01
2015,5,Mario Hezonja,hezonma01
2015,6,Willie Cauley-Stein,caulewi01
2015,7,Emmanuel Mudiay,mudiaem01
2015,8,Stanley Johnson,johnsst04
2015,9,Frank Kaminsky,kaminfr01
2015,10,Justise Winslow,winslju01
2015,11,Myles Turner,turnemy01
2015,12,Trey Lyles,lylestr01
2015,13,Devin Booker,bookede01
2015,14,Cameron Payne,payneca01
2015,15,Kelly Oubre,oubreke01
2015,16,Terry Rozier,roziete01
2015,17,Rashad Vaughn,vaughra01
2015,18,Sam Dekker,dekkesa01
2015,19,Jerian Grant,grantje02
2015,20,Delon Wright,wrighde01
2015,21,Justin Anderson,anderju01
2015,22,Bobby Portis,portibo01
2015,23,Rondae Hollis-Jefferson,holliro01
2015,24,Tyus Jones,jonesty01
2015,25,Jarell Martin,martija01
2015,26,Nikola Milutinov,milutni01
2015,27,Larry Nance,nancela02
2015,28,R.J. Hunter,hunterj01
2015,29,Chris McCullough,mcculch01
2015,30,Kevon Looney,looneke01
2015,31,Cedi Osman,osmande01
2015,32,Montrezl Harrell,harremo01
2015,33,Jordan Mickey,mickejo01
2015,34,Anthony Brown,brownan02
2015,35,Willy Hernangómez,hernawi01
2015,36,Rakeem Christmas,chrisra01
2015,37,Richaun Holmes,holmeri01
2015,38,Darrun Hilliard,hillida01
2015,39,Juan Pablo Vaulet,vauleju01
2015,40,Josh Richardson,richajo01
2015,41,Pat Connaughton,connapa01
2015,42,Olivier Hanlan,hanlaol01
2015,43,Joe Young,youngjo01
2015,44,Andrew Harrison,harrian01
2015,45,Marcus Thornton,thornma02
2015,46,Norman Powell,powelno01
2015,47,Artūras Gudaitis,gudaiar01
2015,48,Dakari Johnson,johnsda04
2015,49,Aaron White,whiteaa01
2015,50,Marcus Eriksson,eriksma01
2015,51,Tyler Harvey,harvety01
2015,52,Satnam Singh Bhamara,singhsa01
2015,53,Sir'Dominic Pointer,pointsi01
2015,54,Dani Díez de la Faya,diezda01
2015,55,Cady Lalanne,lalanca01
2015,56,Branden Dawson,dawsobr01
2015,57,Nikola Radičević,radicni01
2015,58,J.P. Tokoto,tokotjp01
2015,59,Dimitrios Agravanis,agravdi01
2015,60,Luka Mitrović,mitrolu01
2016,1,Ben Simmons,simmobe01
2016,2,Brandon Ingram,ingrabr01
2016,3,Jaylen Brown,brownja02
2016,4,Dragan Bender,bendedr01
2016,5,Kris Dunn,dunnkr01
2016,6,Buddy Hield,hieldbu01
2016,7,Jamal Murray,murraja01
2016,8,Marquese Chriss,chrisma01
2016,9,Jakob Poeltl,poeltja01
2016,10,Thon Maker,makerth01
2016,11,Domantas Sabonis,sabondo01
2016,12,Taurean Prince,princta02
2016,13,Georgios Papagiannis,papagge01
2016,14,Denzel Valentine,valende01
2016,15,Juan Hernangómez,hernaju01
2016,16,Guerschon Yabusele,yabusgu01
2016,17,Wade Baldwin,baldwwa01
2016,18,Henry Ellenson,ellenhe01
2016,19,Malik Beasley,beaslma01
2016,20,Caris LeVert,leverca01
2016,21,DeAndre' Bembry,bembrde01
2016,22,Malachi Richardson,richama01
2016,23,Ante Žižić,zizican01
2016,24,Timothé Luwawu-Cabarrot,luwawti01
2016,25,Brice Johnson,johnsbr02
2016,26,Furkan Korkmaz,korkmfu01
2016,27,Pascal Siakam,siakapa01
2016,28,Skal Labissière,labissk01
2016,29,Dejounte Murray,murrade01
2016,30,Damian Jones,jonesda03
2016,31,Deyonta Davis,davisde01
2016,32,Ivica Zubac,zubaciv01
2016,33,Cheick Diallo,diallch01
2016,34,Tyler Ulis,ulisty01
2016,35,Rade Zagorac,zagorra01
2016,36,Malcolm Brogdon,brogdma01
2016,37,Chinanu Onuaku,onuakch01
2016,38,Patrick McCaw,mccawpa01
2016,39,David Michineau,michida01
2016,40,Diamond Stone,stonedi01
2016,41,Stephen Zimmerman Jr.,zimmest01
2016,42,Isaiah Whitehead,whiteis01
2016,43,Zhou Qi,qizh01
2016,44,Isaïa Cordinier,cordiis01
2016,45,Demetrius Jackson,jacksde01
2016,46,A.J. Hammons,hammoaj01
2016,47,Jake Layman,laymaja01
2016,48,Paul Zipser,zipsepa01
2016,49,Michael Gbinije,gbinimi01
2016,50,Georges Niang,niangge01
2016,51,Ben Bentil,bentibe01
2016,52,Joel Bolomboy,bolomjo01
2016,53,Petr Cornelie,cornepe01
2016,54,Kahlil Felder,feldeka01
2016,55,Marcus Paige,paigema01
2016,56,Daniel Hamilton,hamilda02
2016,57,Wang Zhelin,sheliwa01
2016,58,Abdel Nader,naderab01
2016,59,Isaiah Cousins,cousiis01
2016,60,Tyrone Wallace,wallaty01
2017,1,Markelle Fultz,fultzma01
2017,2,Lonzo Ball,balllo01
2017,3,Jayson Tatum,tatumja01
2017,4,Josh Jackson,jacksjo02
2017,5,De'Aaron Fox,foxde01
2017,6,Jonathan Isaac,isaacjo01
2017,7,Lauri Markkanen,markkla01
2017,8,Frank Ntilikina,ntilila01
2017,9,Dennis Smith,smithde03
2017,10,Zach Collins,colliza01
2017,11,Malik Monk,monkma01
2017,12,Luke Kennard,kennalu01
2017,13,Donovan Mitchell,mitchdo01
2017,14,Edrice Adebayo,adebaba01
2017,15,Justin Jackson,jacksju01
2017,16,Justin Patton,pattoju01
2017,17,D.J. Wilson,wilsodj01
2017,18,T.J. Leaf,leaftj01
2017,19,John Collins,collijo01
2017,20,Harry Giles,gilesha01
2017,21,Terrance Ferguson,fergute01
2017,22,Jarrett Allen,allenja01
2017,23,OG Anunoby,anunoog01
2017,24,Tyler Lydon,lydonty01
2017,25,Anžejs Pasečņiks,pasecan01
2017,26,Caleb Swanigan,swanica01
2017,27,Kyle Kuzma,kuzmaky01
2017,28,Tony Bradley,bradlto01
2017,29,Derrick White,whitede01
2017,30,Josh Hart,hartjo01
2017,31,Frank Jackson,jacksfr01
2017,32,Davon Reed,reedda01
2017,33,Wesley Iwundu,iwundwe01
2017,34,Frank Mason,masonfr01
2017,35,Ivan Rabb,rabbiv01
2017,36,Jonah Bolden,boldejo01
2017,37,Semi Ojeleye,ojelese01
2017,38,Jordan Bell,belljo01
2017,39,Jawun Evans,evansja01
2017,40,Dwayne Bacon,bacondw01
2017,41,Tyler Dorsey,dorsety01
2017,42,Thomas Bryant,bryanth01
2017,43,Isaiah Hartenstein,harteis01
2017,44,Damyean Dotson,dotsoda01
2017,45,Dillon Brooks,brookdi01
2017,46,Sterling Brown,brownst02
2017,47,Ike Anigbogu,anigbik01
2017,48,Sindarius Thornwell,thornsi01
2017,49,Vlatko Čančar,cancavl01
2017,50,Mathias Lessort,lessoma01
2017,51,Monte Morris,morrimo01
2017,52,Edmond Sumner,sumneed01
2017,53,Kadeem Allen,allenka01
2017,54,Alec Peters,peteral01
2017,55,Nigel Williams-Goss,willini01
2017,56,Jabari Bird,birdja01
2017,57,Aleksandar Vezenkov,vezenal01
2017,58,Ognjen Jaramaz,jaramog01
2017,59,Jaron Blossomgame,blossja01
2017,60,Alpha Kaba,kabaal01
2018,1,Deandre Ayton,aytonde01
2018,2,Marvin Bagley III,baglema01
2018,3,Luka Dončić,doncilu01
2018,4,Jaren Jackson,jacksja02
2018,5,Trae Young,youngtr01
2018,6,Mohamed Bamba,bambamo01
2018,7,Wendell Carter,cartewe01
2018,8,Collin Sexton,sextoco01
2018,9,Kevin Knox,knoxke01
2018,10,Mikal Bridges,bridgmi01
2018,11,Shai Gilgeous-Alexander,gilgesh01
2018,12,Miles Bridges,bridgmi02
2018,13,Jerome Robinson,robinje01
2018,14,Michael Porter,portemi01
2018,15,Troy Brown,browntr01
2018,16,Zhaire Smith,smithzh01
2018,17,Donte DiVincenzo,divindo01
2018,18,Lonnie Walker,walkelo01
2018,19,Kevin Huerter,huertke01
2018,20,Josh Okogie,okogijo01
2018,21,Grayson Allen,allengr01
2018,22,Chandler Hutchison,hutchch01
2018,23,Aaron Holiday,holidaa01
2018,24,Anfernee Simons,simonan01
2018,25,Moritz Wagner,wagnemo01
2018,26,Landry Shamet,shamela01
2018,27,Robert Williams,williro04
2018,28,Jacob Evans,evansja02
2018,29,Džanan Musa,musadz01
2018,30,Omari Spellman,spellom01
2018,31,Élie Okobo,okoboel01
2018,32,Jevon Carter,carteje01
2018,33,Jalen Brunson,brunsja01
2018,34,Devonte' Graham,grahade01
2018,35,Melvin Frazier,frazime01
2018,36,Mitchell Robinson,robinmi01
2018,37,Gary Trent Jr.,trentga02
2018,38,Khyri Thomas,thomakh01
2018,39,Isaac Bonga,bongais01
2018,40,Rodions Kurucs,kurucro01
2018,41,Jarred Vanderbilt,vandeja01
2018,42,Bruce Brown,brownbr01
2018,43,Justin Jackson,jacksju02
2018,44,Issuf Sanon,sanonis01
2018,45,Hamidou Diallo,diallha01
2018,46,De'Anthony Melton,meltode01
2018,47,Sviatoslav Mykhailiuk,mykhasv01
2018,48,Keita Bates-Diop,bateske01
2018,49,Chimezie Metu,metuch01
2018,50,Alize Johnson,johnsal02
2018,51,Tony Carr,carrto01
2018,52,Vince Edwards,edwarvi01
2018,53,Devon Hall,hallde01
2018,54,Malik Milton,miltosh01
2018,55,Arnoldas Kulboka,kulboar01
2018,56,Raymond Spalding,spaldra01
2018,57,Kevin Hervey,herveke01
2018,58,Thomas Welsh,welshth01
2018,59,George King,kingge03
2018,60,Kostas Antetokounmpo,antetko01
2019,1,Zion Williamson,willizi01
2019,2,Temetrius Morant,moranja01
2019,3,RJ Barrett,barrerj01
2019,4,De'Andre Hunter,huntede01
2019,5,Darius Garland,garlada01
2019,6,Jarrett Culver,culveja01
2019,7,Coby White,whiteco01
2019,8,Jaxson Hayes,hayesja02
2019,9,Rui Hachimura,hachiru01
2019,10,Cam Reddish,reddica01
2019,11,Cameron Johnson,johnsca02
2019,12,PJ Washington,washipj01
2019,13,Tyler Herro,herroty01
2019,14,Romeo Langford,langfro01
2019,15,Sekou Doumbouya,doumbse01
2019,16,Chuma Okeke,okekech01
2019,17,Nickeil Alexander-Walker,alexani01
2019,18,Goga Bitadze,bitadgo01
2019,19,Luka Samanic,samanlu01
2019,20,Matisse Thybulle,thybuma01
2019,21,Brandon Clarke,clarkbr01
2019,22,Grant Williams,willigr01
2019,23,Darius Bazley,bazleda01
2019,24,Ty Jerome,jeromty01
2019,25,Nassir Little,littlna01
2019,26,Dylan Windler,windldy01
2019,27,Mfiondu Kabengele,kabenmf01
2019,28,Jordan Poole,poolejo01
2019,29,Keldon Johnson,johnske04
2019,30,Kevin Porter Jr.,porteke02
2019,31,Nicolas Claxton,claxtni01
2019,32,Kezie Okpala,okpalkz01
2019,33,Carsen Edwards,edwarca01
2019,34,Bruno Fernando,fernabr01
2019,35,Marcos Louzada Silva,louzama01
2019,36,Cody Martin,martico01
2019,37,Deividas Sirvydis,sirvyde01
2019,38,Daniel Gafford,gaffoda01
2019,39,Alen Smailagic,smailal01
2019,40,Justin James,jamesju01
2019,41,Eric Paschall,pascher01
2019,42,Admiral Schofield,schofad01
2019,43,Jaylen Nowell,nowelja01
2019,44,Bol Bol,bolbo01
2019,45,Isaiah Roby,robyis01
2019,46,Talen Horton-Tucker,hortota01
2019,47,Ignas Brazdeikis,brazdig01
2019,48,Terance Mann,mannte01
2019,49,Quinndary Weatherspoon,weathqu01
2019,50,Jarrell Brantley,brantja01
2019,51,Tremont Waters,watertr01
2019,52,Jalen McDaniels,mcdanja01
2019,53,Justin Wright-Foreman,wrighju02
2019,54,Marial Shayok,shayoma01
2019,55,Kyle Guy,guyky01
2019,56,Jaylen Hands,handsja01
2019,57,Jordan Bone,bonejo01
2019,58,Miye Oni,onimi01
2019,59,Dewan Huell,hernade01
2019,60,Vanja Marinkovic,marinva01
