1980,1,Joe Barry Carroll,joe-barry-carroll-1
1980,2,Darrell Griffith,darrell-griffith-1
1980,3,Kevin McHale,kevin-mchale-1
1980,4,Kelvin Ransey,kelvin-ransey-1
1980,5,James Ray,james-ray-1
1980,6,Mike O'Koren,mike-okoren-1
1980,7,Mike Gminski,mike-gminski-1
1980,8,Andrew Toney,andrew-toney-1
1980,9,Michael Brooks,michael-brooks-1
1980,10,Ronnie Lester,ronnie-lester-1
1980,11,Kiki Vandeweghe,kiki-vandeweghe-1
1980,12,Mike Woodson,mike-woodson-1
1980,13,Rickey Brown,rickey-brown-1
1980,14,Wes Matthews,wes-matthews-1
1980,15,Reggie Johnson,reggie-johnson-1
1980,16,Hawkeye Whitney,hawkeye-whitney-1
1980,17,Larry Drew,larry-drew-1
1980,18,Don Collins,don-collins-1
1980,19,John Duren,john-duren-1
1980,20,Bill Hanzlik,bill-hanzlik-1
1980,21,Monti Davis,monti-davis-1
1980,22,Chad Kinch,chad-kinch-1
1980,23,Carl Nicks,carl-nicks-1
1980,24,Larry Smith,larry-smith-1
1980,25,Jeff Ruland,jeff-ruland-1
1980,26,Sam Worthen,sam-worthen-1
1980,27,John Stroud,john-stroud-1
1980,28,Craig Shelton,craig-shelton-1
1980,29,Louis Orr,louis-orr-1
1980,30,Kenny Natt,kenny-natt-1
1980,31,Wayne Robinson,wayne-robinson-1
1980,35,Rick Mahorn,
1980,36,DeWayne Scales,dewayne-scales-1
1980,37,Butch Carter,butch-carter-1
1980,39,Michael Wiley,michael-wiley-1
1980,40,Dick Miller,dick-miller-1
1980,41,Jawann Oldham,jawann-oldham-1
1980,45,Brad Branson,brad-branson-1
1980,47,Kurt Nimphius,kurt-nimphius-1
1980,50,James Wilkes,james-wilkes-1
1980,51,Ronnie Valentine,ronnie-valentine-1
1980,52,Lowes Moore,lowes-moore-1
1980,56,Mike Harper,mike-harper-1
1980,57,Dave Britton,dave-britton-1
1980,58,Kurt Rambis,kurt-rambis-1
1980,61,Rich Yonakor,rich-yonakor-1
1980,66,Carl Bailey,
1980,70,Darwin Cook,darwin-cook-1
1980,75,Rory Sparrow,rory-sparrow-1
1980,87,Tony Jackson,tony-jackson-1
1980,93,Tony Fuller,tony-fuller-1
1980,99,Wally Rank,wally-rank-1
1980,103,Darrell Allums,darrell-allums-1
1980,141,Lorenzo Romar,lorenzo-romar-1
1980,168,John Stroeder,john-stroeder-1
1980,169,Clarence Kea,clarence-kea-1
1980,182,Billy Reid,billy-reid-1
1981,1,Mark Aguirre,mark-aguirre-1
1981,2,Isiah Thomas,isiah-thomas-1
1981,3,Buck Williams,buck-williams-1
1981,4,Al Wood,al-wood-1
1981,5,Danny Vranes,danny-vranes-1
1981,6,Orlando Woolridge,orlando-woolridge-1
1981,7,Steve Johnson,steve-johnson-1
1981,8,Tom Chambers,tom-chambers-1
1981,9,Rolando Blackman,rolando-blackman-1
1981,10,Albert King,albert-king-1
1981,11,Frank Johnson,frank-johnson-1
1981,12,Kelly Tripucka,kelly-tripucka-1
1981,13,Danny Schayes,danny-schayes-1
1981,14,Herb Williams,herb-williams-1
1981,15,Jeff Lamp,jeff-lamp-1
1981,16,Darnell Valentine,darnell-valentine-1
1981,17,Kevin Loder,
1981,18,Ray Tolbert,ray-tolbert-1
1981,19,Mike McGee,mike-mcgee-1
1981,20,Larry Nance,larry-nance-1
1981,21,Alton Lister,alton-lister-1
1981,22,Franklin Edwards,franklin-edwards-1
1981,23,Charles Bradley,charles-bradley-1
1981,24,Jay Vincent,jay-vincent-1
1981,25,Tracy Jackson,tracy-jackson-1
1981,27,Howard Wood,howard-wood-1
1981,28,Gene Banks,gene-banks-1
1981,29,Eddie Johnson,eddie-johnson-1
1981,30,Ed Rains,ed-rains-1
1981,31,Danny Ainge,danny-ainge-1
1981,33,Sam Williams,sam-williams-1
1981,34,Ken Apple Green,ken-apple-green-1
1981,35,Charles Davis,charles-davis-1
1981,36,Ray Blume,ray-blume-1
1981,41,Claude Gregory,claude-gregory-1
1981,43,Elston Turner,elston-turner-1
1981,44,Steve Lingenfelter,steve-lingenfelter-1
1981,49,David Burns,david-burns-1
1981,52,Rudy Macklin,rudy-macklin-1
1981,53,Mark Radford,mark-radford-1
1981,54,Jim Smith,jim-smith-1
1981,55,Mickey Dillard,mickey-dillard-1
1981,57,Frank Brickowski,frank-brickowski-1
1981,61,Pétur Guðmundsson,petur-gudmundsson-1
1981,66,Craig Dykema,craig-dykema-1
1981,76,Lewis Lloyd,lewis-lloyd-1
1981,78,Kenny Dennard,kenny-dennard-1
1981,81,Larry Spriggs,larry-spriggs-1
1981,85,Pete Verhoeven,pete-verhoeven-1
1981,86,Alex Bradley,alex-bradley-1
1981,88,Kevin McKenna,kevin-mckenna-1
1981,95,Joe Cooper,joe-cooper-1
1981,102,Hank McDowell,hank-mcdowell-1
1981,103,Garry Witts,garry-witts-1
1981,130,Roger Burkman,roger-burkman-1
1981,150,Clinton Wheeler,
1981,165,Bobby Cattage,bobby-cattage-1
1981,211,Derrick Rowland,
1982,1,James Worthy,james-worthy-1
1982,2,Terry Cummings,terry-cummings-1
1982,3,Dominique Wilkins,dominique-wilkins-1
1982,4,Bill Garnett,bill-garnett-1
1982,5,LaSalle Thompson,lasalle-thompson-1
1982,6,Trent Tucker,trent-tucker-1
1982,7,Quintin Dailey,quintin-dailey-1
1982,8,Clark Kellogg,clark-kellogg-1
1982,9,Cliff Levingston,cliff-levingston-1
1982,10,Keith Edmonson,keith-edmonson-1
1982,11,Fat Lever,fat-lever-1
1982,12,John Bagley,john-bagley-1
1982,13,Sleepy Floyd,sleepy-floyd-1
1982,14,Lester Conner,lester-conner-1
1982,15,David Thirdkill,david-thirdkill-1
1982,16,Terry Teagle,terry-teagle-1
1982,17,Brook Steppe,brook-steppe-1
1982,18,Ricky Pierce,ricky-pierce-1
1982,19,Rob Williams,rob-williams-1
1982,20,Paul Pressey,paul-pressey-1
1982,21,Eddie Phillips,eddie-phillips-1
1982,22,Mark McNamara,mark-mcnamara-1
1982,23,Darren Tillis,darren-tillis-1
1982,24,Oliver Robinson,oliver-robinson-1
1982,25,Bryan Warrick,bryan-warrick-1
1982,27,Fred Roberts,fred-roberts-1
1982,28,Dave Magley,dave-magley-1
1982,29,Scott Hastings,scott-hastings-1
1982,30,Wallace Bryant,wallace-bryant-1
1982,31,Rod Higgins,rod-higgins-1
1982,32,Richard Anderson,richard-anderson-1
1982,33,Linton Townes,linton-townes-1
1982,34,Vince Taylor,vince-taylor-1
1982,35,Derek Smith,derek-smith-1
1982,36,J.J. Anderson,jj-anderson-1
1982,37,Audie Norris,audie-norris-1
1982,38,Wayne Sappleton,wayne-sappleton-1
1982,40,Guy Morgan,guy-morgan-1
1982,41,Dwight Anderson,dwight-anderson-1
1982,42,Jeff Taylor,jeff-taylor-1
1982,43,Jose Slaughter,jose-slaughter-1
1982,44,Mike Gibson,
1982,45,Russ Schoene,russ-schoene-1
1982,47,Michael Wilson,michael-wilson-1
1982,48,Craig Hodges,craig-hodges-1
1982,50,Corny Thompson,corny-thompson-1
1982,51,Jim Johnstone,jim-johnstone-1
1982,55,Jerry Eaves,jerry-eaves-1
1982,56,Joe Kopicki,joe-kopicki-1
1982,60,Chris Engler,chris-engler-1
1982,61,Charles Pittman,charles-pittman-1
1982,63,Chuck Nevitt,chuck-nevitt-1
1982,65,John Greig,john-greig-1
1982,69,Perry Moss,perry-moss-1
1982,72,Mark Eaton,mark-eaton-1
1982,74,Mike Sanders,mike-sanders-1
1982,76,Chuck Aleksinas,chuck-aleksinas-1
1982,78,Walker Russell,walker-russell-1
1982,82,Tony Brown,tony-brown-1
1982,86,Rory White,rory-white-1
1982,138,John Schweitz,john-schweitz-1
1982,140,Eddie Hughes,eddie-hughes-1
1982,166,Ed Nealy,ed-nealy-1
1982,221,Dale Wilkinson,dale-wilkinson-1
1983,1,Ralph Sampson,ralph-sampson-1
1983,2,Steve Stipanovich,steve-stipanovich-1
1983,3,Rodney McCray,rodney-mccray-1
1983,4,Byron Scott,byron-scott-1
1983,5,Sidney Green,sidney-green-1
1983,6,Russell Cross,russell-cross-1
1983,7,Thurl Bailey,thurl-bailey-1
1983,8,Antoine Carr,antoine-carr-1
1983,9,Dale Ellis,dale-ellis-1
1983,10,Jeff Malone,jeff-malone-1
1983,11,Derek Harper,derek-harper-1
1983,12,Darrell Walker,darrell-walker-1
1983,13,Ennis Whatley,ennis-whatley-1
1983,14,Clyde Drexler,clyde-drexler-1
1983,15,Howard Carter,howard-carter-1
1983,16,Jon Sundvold,jon-sundvold-1
1983,17,Leo Rautins,leo-rautins-1
1983,18,Randy Breuer,randy-breuer-1
1983,19,John Paxson,john-paxson-1
1983,20,Roy Hinson,roy-hinson-1
1983,21,Greg Kite,greg-kite-1
1983,22,Randy Wittman,randy-wittman-1
1983,23,Mitchell Wiggins,mitchell-wiggins-1
1983,24,Stewart Granger,stewart-granger-1
1983,25,Sidney Lowe,sidney-lowe-1
1983,26,Leroy Combs,leroy-combs-1
1983,27,John Garris,john-garris-1
1983,28,Rod Foster,rod-foster-1
1983,29,Larry Micheaux,larry-micheaux-1
1983,30,Mark West,mark-west-1
1983,31,Doc Rivers,doc-rivers-1
1983,33,Dirk Minniefield,dirk-minniefield-1
1983,34,Guy Williams,guy-williams-1
1983,35,Darrell Lockhart,darrell-lockhart-1
1983,36,Scooter McCray,scooter-mccray-1
1983,38,Chris McNealy,chris-mcnealy-1
1983,39,Granville Waiters,granville-waiters-1
1983,40,Jim Thomas,jim-thomas-1
1983,43,Pace Mannion,pace-mannion-1
1983,46,Kevin Williams,kevin-williams-1
1983,48,Craig Ehlo,craig-ehlo-1
1983,50,Paul Thompson,paul-thompson-1
1983,53,Mike Holton,mike-holton-1
1983,54,Bob Hansen,bob-hansen-1
1983,57,Darren Daye,darren-daye-1
1983,58,John Pinone,john-pinone-1
1983,59,Bruce Kuczenski,bruce-kuczenski-1
1983,62,Tom Piotrowski,tom-piotrowski-1
1983,75,Ron Crevier,ron-crevier-1
1983,77,Peter Thibeaux,peter-thibeaux-1
1983,82,Mark Jones,mark-jones-1
1983,90,Brant Weidner,brant-weidner-1
1983,91,Carlos Clark,carlos-clark-1
1983,97,Manute Bol,
1983,101,Ken Austin,ken-austin-1
1983,102,Jim Lampley,jim-lampley-1
1983,139,Sedale Threatt,
1983,152,Dane Suttle,dane-suttle-1
1984,1,Hakeem Olajuwon,hakeem-olajuwon-1
1984,2,Sam Bowie,sam-bowie-1
1984,3,Michael Jordan,michael-jordan-1
1984,4,Sam Perkins,sam-perkins-1
1984,5,Charles Barkley,charles-barkley-1
1984,6,Melvin Turpin,melvin-turpin-1
1984,7,Alvin Robertson,alvin-robertson-1
1984,8,Lancaster Gordon,lancaster-gordon-1
1984,9,Otis Thorpe,otis-thorpe-1
1984,10,Leon Wood,leon-wood-1
1984,11,Kevin Willis,kevin-willis-1
1984,12,Tim McCormick,tim-mccormick-1
1984,13,Jay Humphries,jay-humphries-1
1984,14,Michael Cage,michael-cage-1
1984,15,Terence Stansbury,terence-stansbury-1
1984,16,John Stockton,john-stockton-1
1984,17,Jeff Turner,jeff-turner-1
1984,18,Vern Fleming,vern-fleming-1
1984,19,Bernard Thompson,bernard-thompson-1
1984,20,Tony Campbell,tony-campbell-1
1984,21,Kenny Fields,kenny-fields-1
1984,22,Tom Sewell,tom-sewell-1
1984,23,Earl Jones,earl-jones-1
1984,24,Michael Young,michael-young-1
1984,25,Devin Durrant,devin-durrant-1
1984,27,Ron Anderson,ron-anderson-1
1984,28,Cory Blackwell,cory-blackwell-1
1984,29,Stuart Gray,stuart-gray-1
1984,30,Steve Burtt,steve-burtt-1
1984,31,Jay Murphy,jay-murphy-1
1984,33,Steve Colter,steve-colter-1
1984,35,Othell Wilson,othell-wilson-1
1984,36,Charles Jones,charles-jones-1
1984,37,Ben Coleman,ben-coleman-1
1984,38,Charlie Sitton,charlie-sitton-1
1984,39,Danny Young,danny-young-1
1984,41,Tom Sluby,tom-sluby-1
1984,42,Willie White,willie-white-1
1984,45,Gary Plummer,gary-plummer-1
1984,46,Jerome Kersey,
1984,50,Ben McDonald,ben-mcdonald-1
1984,51,Jim Petersen,jim-petersen-1
1984,57,Joe Binion,joe-binion-1
1984,61,Jeff Cross,jeff-cross-1
1984,62,David Pope,
1984,68,Butch Graves,butch-graves-1
1984,70,Rick Carlisle,rick-carlisle-1
1984,71,Ralph Jackson,ralph-jackson-1
1984,76,Jim Grandholm,jim-grandholm-1
1984,80,Carl Henry,carl-henry-1
1984,86,Jim Rowinski,jim-rowinski-1
1984,87,Bob Thornton,bob-thornton-1
1984,90,Ozell Jones,ozell-jones-1
1984,120,McKinley Singleton,mckinley-singleton-1
1984,133,Eddie Lee Wilkins,
1984,140,Kenton Edelin,kenton-edelin-1
1984,156,Ken Bannister,ken-bannister-1
1984,185,Brian Martin,brian-martin-1
1985,1,Patrick Ewing,patrick-ewing-1
1985,2,Wayman Tisdale,wayman-tisdale-1
1985,3,Benoit Benjamin,benoit-benjamin-1
1985,4,Xavier McDaniel,xavier-mcdaniel-1
1985,5,Jon Koncak,jon-koncak-1
1985,6,Joe Kleine,joe-kleine-1
1985,7,Chris Mullin,chris-mullin-1
1985,8,Detlef Schrempf,detlef-schrempf-1
1985,9,Charles Oakley,
1985,10,Ed Pinckney,ed-pinckney-1
1985,11,Keith Lee,keith-lee-1
1985,12,Kenny Green,kenny-green-1
1985,13,Karl Malone,karl-malone-1
1985,14,Rick Hughes,rick-hughes-1
1985,15,Blair Rasmussen,blair-rasmussen-1
1985,16,Bill Wennington,bill-wennington-1
1985,17,Uwe Blab,uwe-blab-1
1985,18,Joe Dumars,joe-dumars-1
1985,19,Steve Harris,steve-harris-1
1985,20,Sam Vincent,sam-vincent-1
1985,21,Terry Catledge,terry-catledge-1
1985,22,Jerry Reynolds,jerry-reynolds-1
1985,23,A.C. Green,ac-green-1
1985,24,Terry Porter,
1985,25,Mike Smrek,mike-smrek-1
1985,26,Bill Martin,bill-martin-1
1985,27,Dwayne McClain,dwayne-mcclain-1
1985,28,Ken Johnson,ken-johnson-1
1985,29,Mike Brittain,mike-brittain-1
1985,31,Manute Bol,
1985,32,Nick Vanos,nick-vanos-1
1985,33,Greg Stokes,greg-stokes-1
1985,35,Tyrone Corbin,tyrone-corbin-1
1985,36,Yvon Joseph,yvon-joseph-1
1985,37,Carey Scurry,carey-scurry-1
1985,38,Fernando Martín,
1985,40,Mark Acres,mark-acres-1
1985,41,Lorenzo Charles,lorenzo-charles-1
1985,43,Barry Stevens,barry-stevens-1
1985,44,Voise Winters,voise-winters-1
1985,45,Hot Rod Williams,hot-rod-williams-1
1985,46,Adrian Branch,adrian-branch-1
1985,47,Gerald Wilkins,gerald-wilkins-1
1985,49,Brad Wright,brad-wright-1
1985,54,Sam Mitchell,sam-mitchell-1
1985,59,Sedric Toney,sedric-toney-1
1985,61,Perry Young,perry-young-1
1985,63,Harold Keeling,harold-keeling-1
1985,66,Michael Adams,michael-adams-1
1985,69,Mike Brown,mike-brown-1
1985,73,Fred Cofield,fred-cofield-1
1985,75,Alex Stivrins,alex-stivrins-1
1985,77,Arvydas Sabonis,
1985,79,Mark Davis,mark-davis-1
1985,82,Scott Roth,scott-roth-1
1985,83,Delaney Rudd,delaney-rudd-1
1985,84,John Battle,john-battle-1
1985,87,Spud Webb,spud-webb-1
1985,89,Pete Williams,pete-williams-1
1985,90,Derrick Gervin,derrick-gervin-1
1985,91,Cozell McQueen,cozell-mcqueen-1
1985,92,Dexter Shouse,dexter-shouse-1
1985,139,Ralph Lewis,ralph-lewis-1
1985,144,Michael Phelps,michael-phelps-1
1985,148,Georgi Glouchkov,
1985,160,Mario Elie,
1986,1,Brad Daugherty,brad-daugherty-1
1986,3,Chris Washburn,chris-washburn-1
1986,4,Chuck Person,chuck-person-1
1986,5,Kenny Walker,kenny-walker-1
1986,6,William Bedford,william-bedford-1
1986,7,Roy Tarpley,roy-tarpley-1
1986,8,Ron Harper,ron-harper-1
1986,9,Brad Sellers,brad-sellers-1
1986,10,Johnny Dawkins,johnny-dawkins-1
1986,11,John Salley,john-salley-1
1986,12,John Williams,john-williams-1
1986,13,Pearl Washington,pearl-washington-1
1986,14,Walter Berry,walter-berry-1
1986,15,Dell Curry,dell-curry-1
1986,16,Maurice Martin,maurice-martin-1
1986,17,Harold Pressley,harold-pressley-1
1986,18,Mark Alarie,mark-alarie-1
1986,19,Billy Thompson,billy-thompson-1
1986,20,Buck Johnson,buck-johnson-1
1986,21,Anthony Jones,anthony-jones-1
1986,22,Scott Skiles,scott-skiles-1
1986,24,Arvydas Sabonis,
1986,25,Mark Price,mark-price-1
1986,26,Greg Dreiling,greg-dreiling-1
1986,27,Dennis Rodman,
1986,28,Larry Krystkowiak,larry-krystkowiak-1
1986,29,Johnny Newman,johnny-newman-1
1986,30,Nate McMillan,nate-mcmillan-1
1986,32,Cedric Henderson,cedric-henderson-1
1986,33,Kevin Duckworth,kevin-duckworth-1
1986,34,Johnny Rogers,johnny-rogers-1
1986,35,Milt Wagner,milt-wagner-1
1986,39,Rafael Addison,rafael-addison-1
1986,41,Otis Smith,otis-smith-1
1986,43,Dave Feitl,dave-feitl-1
1986,44,David Wingate,david-wingate-1
1986,45,Keith Smith,keith-smith-2
1986,46,Jeff Hornacek,jeff-hornacek-1
1986,47,Michael Jackson,michael-jackson-1
1986,48,Forrest McKenzie,forrest-mckenzie-1
1986,50,Kevin Henderson,kevin-henderson-1
1986,51,Mike Williams,mike-williams-1
1986,52,Ricky Wilson,ricky-wilson-1
1986,53,Tod Murphy,tod-murphy-1
1986,54,Dwayne Polee,dwayne-polee-1
1986,55,Kenny Gattison,kenny-gattison-1
1986,57,Bruce Douglas,bruce-douglas-1
1986,58,Dave Henderson,dave-henderson-1
1986,60,Dražen Petrović,
1986,61,John Shasky,john-shasky-1
1986,65,Dave Hoppen,dave-hoppen-1
1986,66,Anthony Bowie,anthony-bowie-1
1986,67,Ron Rowan,ron-rowan-1
1986,69,Andre Turner,andre-turner-1
1986,70,Jim Les,jim-les-1
1986,74,Scott Meents,scott-meents-1
1986,77,Grant Gondrezick,grant-gondrezick-1
1986,85,Myron Jackson,myron-jackson-1
1986,89,Conner Henry,conner-henry-1
1986,95,Richard Rellford,richard-rellford-1
1986,97,Clinton Smith,clinton-smith-1
1986,99,Dominic Pressley,dominic-pressley-1
1986,100,Steffond Johnson,steffond-johnson-1
1986,120,Pete Myers,pete-myers-1
1986,122,Curtis Kitchen,curtis-kitchen-1
1986,124,Tim Kempton,tim-kempton-1
1986,133,Anthony Frederick,anthony-frederick-1
1986,134,Alexander Volkov,
1987,1,David Robinson,david-robinson-1
1987,2,Armen Gilliam,armen-gilliam-1
1987,3,Dennis Hopson,dennis-hopson-1
1987,4,Reggie Williams,reggie-williams-1
1987,5,Scottie Pippen,
1987,6,Kenny Smith,kenny-smith-1
1987,7,Kevin Johnson,kevin-johnson-1
1987,8,Olden Polynice,olden-polynice-1
1987,9,Derrick McKey,derrick-mckey-1
1987,10,Horace Grant,horace-grant-1
1987,11,Reggie Miller,reggie-miller-1
1987,12,Muggsy Bogues,muggsy-bogues-1
1987,13,Joe Wolf,joe-wolf-1
1987,14,Tellis Frank,tellis-frank-1
1987,15,José Ortiz,jose-ortiz-1
1987,16,Chris Welp,chris-welp-1
1987,17,Ronnie Murphy,ronnie-murphy-1
1987,18,Mark Jackson,mark-jackson-1
1987,19,Ken Norman,ken-norman-1
1987,20,Jim Farmer,jim-farmer-1
1987,21,Dallas Comegys,dallas-comegys-1
1987,22,Reggie Lewis,reggie-lewis-1
1987,23,Greg Anderson,greg-anderson-1
1987,25,Ron Moore,
1987,26,Steve Alford,steve-alford-1
1987,27,Nate Blackwell,nate-blackwell-1
1987,28,Rickie Winslow,rickie-winslow-1
1987,30,Nikita Wilson,nikita-wilson-1
1987,31,Andre Moore,andre-moore-1
1987,32,Bob McCann,bob-mccann-1
1987,33,Tony White,tony-white-1
1987,34,Brian Rowsom,brian-rowsom-1
1987,35,Doug Lee,doug-lee-1
1987,36,Duane Washington,duane-washington-1
1987,38,Norris Coleman,norris-coleman-1
1987,39,Vincent Askew,vincent-askew-1
1987,40,Winston Garland,winston-garland-1
1987,41,Kannard Johnson,kannard-johnson-1
1987,45,Brad Lohaus,brad-lohaus-1
1987,48,Jamie Waller,
1987,50,Phil Zevenbergen,phil-zevenbergen-1
1987,52,Donald Royal,donald-royal-1
1987,53,Winston Crite,winston-crite-1
1987,58,Darryl Johnson,darryl-johnson-1
1987,63,Kevin Gamble,kevin-gamble-1
1987,65,Eric White,eric-white-1
1987,68,Billy Donovan,billy-donovan-1
1987,74,Joe Arlauckas,joe-arlauckas-1
1987,75,Chris Dudley,chris-dudley-1
1987,79,Jack Haley,jack-haley-1
1987,88,Dave Popson,dave-popson-1
1987,100,Ron Grandison,ron-grandison-1
1987,107,Bart Kofoed,
1987,116,Martin Nessley,martin-nessley-1
1987,127,Šarūnas Marčiulionis,
1988,1,Danny Manning,danny-manning-1
1988,2,Rik Smits,rik-smits-1
1988,3,Charles Smith,charles-smith-1
1988,4,Chris Morris,chris-morris-1
1988,5,Mitch Richmond,mitch-richmond-1
1988,6,Hersey Hawkins,hersey-hawkins-1
1988,7,Tim Perry,tim-perry-1
1988,8,Rex Chapman,rex-chapman-1
1988,9,Rony Seikaly,rony-seikaly-1
1988,10,Willie Anderson,willie-anderson-1
1988,11,Will Perdue,will-perdue-1
1988,12,Harvey Grant,harvey-grant-1
1988,13,Jeff Grayer,jeff-grayer-1
1988,14,Dan Majerle,dan-majerle-1
1988,15,Gary Grant,gary-grant-1
1988,16,Derrick Chievous,derrick-chievous-1
1988,17,Eric Leckner,eric-leckner-1
1988,18,Ricky Berry,ricky-berry-1
1988,19,Rod Strickland,rod-strickland-1
1988,20,Kevin Edwards,kevin-edwards-1
1988,21,Mark Bryant,mark-bryant-1
1988,22,Randolph Keys,randolph-keys-1
1988,23,Jerome Lane,jerome-lane-1
1988,24,Brian Shaw,brian-shaw-1
1988,25,David Rivers,david-rivers-1
1988,26,Rolando Ferreira,rolando-ferreira-1
1988,27,Shelton Jones,shelton-jones-1
1988,28,Andrew Lang,andrew-lang-1
1988,29,Vinny Del Negro,vinny-del-negro-1
1988,30,Fennis Dembo,fennis-dembo-1
1988,31,Everette Stephens,everette-stephens-1
1988,32,Charles Shackleford,charles-shackleford-1
1988,33,Grant Long,grant-long-1
1988,34,Tom Tolbert,tom-tolbert-1
1988,35,Sylvester Gray,sylvester-gray-1
1988,36,Ledell Eackles,ledell-eackles-1
1988,37,Greg Butler,greg-butler-1
1988,38,Dean Garrett,dean-garrett-1
1988,39,Tito Horford,tito-horford-1
1988,40,Orlando Graham,orlando-graham-1
1988,41,Keith Smart,keith-smart-1
1988,43,Todd Mitchell,todd-mitchell-1
1988,44,Anthony Taylor,anthony-taylor-1
1988,45,Tom Garrick,tom-garrick-1
1988,46,Morlon Wiley,morlon-wiley-1
1988,47,Vernon Maxwell,vernon-maxwell-1
1988,48,Micheal Williams,micheal-williams-1
1988,50,Steve Kerr,steve-kerr-1
1988,51,Rob Lock,rob-lock-1
1988,53,Anthony Mason,anthony-mason-1
1988,56,Barry Sumpter,barry-sumpter-1
1988,59,Nate Johnston,
1988,64,Winston Bennett,winston-bennett-1
1988,65,Corey Gaines,corey-gaines-1
1988,67,Ricky Grace,ricky-grace-1
1988,71,Craig Neal,craig-neal-1
1988,73,Michael Anderson,michael-anderson-1
1988,74,Gerald Paddio,gerald-paddio-1
1989,1,Pervis Ellison,pervis-ellison-1
1989,2,Danny Ferry,danny-ferry-1
1989,3,Sean Elliott,sean-elliott-1
1989,4,Glen Rice,glen-rice-1
1989,5,J.R. Reid,jr-reid-1
1989,6,Stacey King,stacey-king-1
1989,7,George McCloud,george-mccloud-1
1989,8,Randy White,randy-white-1
1989,9,Tom Hammonds,tom-hammonds-1
1989,10,Pooh Richardson,pooh-richardson-1
1989,11,Nick Anderson,nick-anderson-1
1989,12,Mookie Blaylock,mookie-blaylock-1
1989,13,Michael Smith,michael-smith-1
1989,14,Tim Hardaway,tim-hardaway-1
1989,15,Todd Lichti,todd-lichti-1
1989,16,Dana Barros,dana-barros-1
1989,17,Shawn Kemp,shawn-kemp-1
1989,18,B.J. Armstrong,bj-armstrong-1
1989,19,Kenny Payne,kenny-payne-1
1989,20,Jeff Sanders,jeff-sanders-1
1989,21,Blue Edwards,blue-edwards-1
1989,22,Byron Irvin,byron-irvin-1
1989,23,Roy Marble,roy-marble-1
1989,24,Anthony Cook,anthony-cook-1
1989,25,John Morton,john-morton-1
1989,26,Vlade Divac,
1989,27,Kenny Battle,kenny-battle-1
1989,28,Sherman Douglas,sherman-douglas-1
1989,29,Dyron Nix,dyron-nix-1
1989,30,Frank Kornet,frank-kornet-1
1989,31,Jeff Martin,jeff-martin-1
1989,32,Stanley Brundy,stanley-brundy-1
1989,33,Jay Edwards,jay-edwards-1
1989,34,Gary Leonard,gary-leonard-1
1989,35,Pat Durham,pat-durham-1
1989,36,Clifford Robinson,clifford-robinson-1
1989,37,Michael Ansley,michael-ansley-1
1989,38,Doug West,doug-west-1
1989,39,Ed Horton,ed-horton-1
1989,40,Dino Rađa,
1989,41,Doug Roth,doug-roth-1
1989,43,Chucky Brown,chucky-brown-1
1989,45,Scott Haffner,scott-haffner-1
1989,46,Ricky Blanton,ricky-blanton-1
1989,49,Haywoode Workman,haywoode-workman-1
1989,50,Brian Quinnett,brian-quinnett-1
1989,51,Mike Morrison,mike-morrison-1
1989,52,Greg Grant,greg-grant-1
1990,1,Derrick Coleman,derrick-coleman-1
1990,2,Gary Payton,gary-payton-1
1990,3,Mahmoud Abdul-Rauf,mahmoud-abdul-rauf-1
1990,4,Dennis Scott,dennis-scott-1
1990,5,Kendall Gill,kendall-gill-1
1990,6,Felton Spencer,felton-spencer-1
1990,7,Lionel Simmons,lionel-simmons-1
1990,8,Bo Kimble,bo-kimble-1
1990,9,Willie Burton,willie-burton-1
1990,10,Rumeal Robinson,rumeal-robinson-1
1990,11,Tyrone Hill,tyrone-hill-1
1990,12,Alec Kessler,alec-kessler-1
1990,13,Loy Vaught,loy-vaught-1
1990,14,Travis Mays,travis-mays-1
1990,15,Dave Jamerson,dave-jamerson-1
1990,16,Terry Mills,terry-mills-1
1990,17,Jerrod Mustaf,jerrod-mustaf-1
1990,18,Duane Causwell,duane-causwell-1
1990,19,Dee Brown,dee-brown-1
1990,20,Gerald Glass,gerald-glass-1
1990,21,Jayson Williams,jayson-williams-1
1990,22,Tate George,tate-george-1
1990,23,Anthony Bonner,anthony-bonner-1
1990,24,Dwayne Schintzius,dwayne-schintzius-1
1990,25,Alaa Abdelnaby,alaa-abdelnaby-1
1990,26,Lance Blanks,lance-blanks-1
1990,27,Elden Campbell,elden-campbell-1
1990,28,Les Jepsen,les-jepsen-1
1990,29,Toni Kukoč,
1990,30,Carl Herrera,carl-herrera-1
1990,31,Negele Knight,negele-knight-1
1990,32,Brian Oliver,brian-oliver-1
1990,33,Walter Palmer,walter-palmer-1
1990,34,Kevin Pritchard,kevin-pritchard-1
1990,35,Greg Foster,greg-foster-1
1990,36,Trevor Wilson,trevor-wilson-1
1990,37,A.J. English,aj-english-1
1990,38,Jud Buechler,jud-buechler-1
1990,39,Steve Scheffler,steve-scheffler-1
1990,40,Bimbo Coles,bimbo-coles-1
1990,41,Steve Bardo,steve-bardo-1
1990,42,Marcus Liberty,marcus-liberty-1
1990,43,Tony Massenburg,tony-massenburg-1
1990,44,Steve Henson,steve-henson-1
1990,45,Antonio Davis,antonio-davis-1
1990,46,Kenny Williams,kenny-williams-1
1990,47,Derek Strong,derek-strong-1
1990,48,Cedric Ceballos,cedric-ceballos-1
1990,50,Miloš Babić,milos-babic-1
1990,51,Tony Smith,tony-smith-1
1990,52,Stefano Rusconi,
1990,54,Sean Higgins,sean-higgins-1
1991,1,Larry Johnson,larry-johnson-1
1991,2,Kenny Anderson,kenny-anderson-1
1991,3,Billy Owens,billy-owens-1
1991,4,Dikembe Mutombo,dikembe-mutombo-1
1991,5,Steve Smith,steve-smith-1
1991,6,Doug Smith,doug-smith-1
1991,7,Luc Longley,luc-longley-1
1991,8,Mark Macon,mark-macon-1
1991,9,Stacey Augmon,stacey-augmon-1
1991,10,Bison Dele,bison-dele-1
1991,11,Terrell Brandon,terrell-brandon-1
1991,12,Greg Anthony,greg-anthony-1
1991,13,Dale Davis,dale-davis-1
1991,14,Rich King,rich-king-1
1991,15,Anthony Avent,anthony-avent-1
1991,16,Chris Gatling,chris-gatling-1
1991,17,Victor Alexander,victor-alexander-1
1991,18,Kevin Brooks,kevin-brooks-1
1991,19,LaBradford Smith,labradford-smith-1
1991,20,John Turner,john-turner-1
1991,21,Eric Murdock,eric-murdock-1
1991,22,LeRon Ellis,leron-ellis-1
1991,23,Stanley Roberts,stanley-roberts-1
1991,24,Rick Fox,rick-fox-1
1991,26,Mark Randall,mark-randall-1
1991,27,Pete Chilcutt,pete-chilcutt-1
1991,28,Kevin Lynch,kevin-lynch-1
1991,30,Rodney Monroe,rodney-monroe-1
1991,31,Randy Brown,randy-brown-1
1991,32,Chad Gallagher,chad-gallagher-1
1991,33,Donald Hodge,donald-hodge-1
1991,34,Myron Brown,myron-brown-1
1991,35,Mike Iuzzolino,mike-iuzzolino-1
1991,36,Chris Corchiani,chris-corchiani-1
1991,37,Elliot Perry,elliot-perry-1
1991,39,Jimmy Oliver,jimmy-oliver-1
1991,40,Doug Overton,doug-overton-1
1991,41,Sean Green,sean-green-1
1991,43,Lamont Strothers,
1991,45,Bobby Phills,bobby-phills-1
1991,46,Richard Dumas,richard-dumas-1
1991,48,Isaac Austin,isaac-austin-1
1991,49,Greg Sutton,greg-sutton-1
1991,51,Žan Tabak,
1992,1,Shaquille O'Neal,shaquille-oneal-1
1992,2,Alonzo Mourning,alonzo-mourning-1
1992,3,Christian Laettner,christian-laettner-1
1992,4,Jim Jackson,jim-jackson-1
1992,5,LaPhonso Ellis,laphonso-ellis-1
1992,6,Tom Gugliotta,tom-gugliotta-1
1992,7,Walt Williams,walt-williams-1
1992,8,Todd Day,todd-day-1
1992,9,Clarence Weatherspoon,clarence-weatherspoon-1
1992,10,Adam Keefe,adam-keefe-1
1992,11,Robert Horry,robert-horry-1
1992,12,Harold Miner,harold-miner-1
1992,13,Bryant Stith,bryant-stith-1
1992,14,Malik Sealy,malik-sealy-1
1992,15,Anthony Peeler,anthony-peeler-1
1992,16,Randy Woods,randy-woods-1
1992,17,Doug Christie,doug-christie-1
1992,18,Tracy Murray,tracy-murray-1
1992,19,Don MacLean,don-maclean-1
1992,20,Hubert Davis,hubert-davis-1
1992,21,Jon Barry,jon-barry-1
1992,22,Oliver Miller,oliver-miller-1
1992,23,Lee Mayberry,lee-mayberry-1
1992,24,Latrell Sprewell,latrell-sprewell-1
1992,25,Elmore Spencer,elmore-spencer-1
1992,26,Dave Johnson,dave-johnson-1
1992,27,Byron Houston,byron-houston-1
1992,28,Marlon Maxey,marlon-maxey-1
1992,29,P.J. Brown,pj-brown-1
1992,30,Sean Rooks,sean-rooks-1
1992,31,Reggie Smith,reggie-smith-1
1992,32,Brent Price,brent-price-1
1992,33,Corey Williams,corey-williams-1
1992,34,Chris Smith,chris-smith-1
1992,35,Tony Bennett,tony-bennett-1
1992,36,Duane Cooper,duane-cooper-1
1992,37,Isaiah Morris,isaiah-morris-1
1992,38,Elmer Bennett,elmer-bennett-1
1992,39,Litterial Green,litterial-green-1
1992,41,Popeye Jones,popeye-jones-1
1992,42,Matt Geiger,matt-geiger-1
1992,43,Sasha Danilović,
1992,45,Chris King,chris-king-1
1992,46,Robert Werdann,robert-werdann-1
1992,47,Darren Morningstar,darren-morningstar-1
1992,48,Brian Davis,brian-davis-1
1992,50,Matt Fish,matt-fish-1
1992,52,Matt Steigenga,matt-steigenga-1
1993,1,Chris Webber,chris-webber-1
1993,2,Shawn Bradley,shawn-bradley-1
1993,3,Anfernee Hardaway,anfernee-hardaway-1
1993,4,Jamal Mashburn,jamal-mashburn-1
1993,5,Isaiah Rider,isaiah-rider-1
1993,6,Calbert Cheaney,calbert-cheaney-1
1993,7,Bobby Hurley,bobby-hurley-1
1993,8,Vin Baker,vin-baker-1
1993,9,Rodney Rogers,rodney-rogers-1
1993,10,Lindsey Hunter,lindsey-hunter-1
1993,11,Allan Houston,allan-houston-1
1993,12,George Lynch,george-lynch-1
1993,13,Terry Dehere,terry-dehere-1
1993,14,Scott Haskin,scott-haskin-1
1993,15,Doug Edwards,doug-edwards-1
1993,16,Rex Walters,rex-walters-1
1993,17,Greg Graham,greg-graham-1
1993,18,Luther Wright,luther-wright-1
1993,19,Acie Earl,acie-earl-1
1993,20,Scott Burrell,scott-burrell-1
1993,21,James Robinson,james-robinson-1
1993,22,Chris Mills,chris-mills-1
1993,23,Ervin Johnson,ervin-johnson-1
1993,24,Sam Cassell,sam-cassell-1
1993,25,Corie Blount,corie-blount-1
1993,26,Geert Hammink,geert-hammink-1
1993,27,Malcolm Mackey,malcolm-mackey-1
1993,28,Lucious Harris,lucious-harris-1
1993,30,Gheorghe Mureșan,
1993,31,Evers Burns,evers-burns-1
1993,32,Alphonso Ford,alphonso-ford-1
1993,33,Eric Riley,eric-riley-1
1993,34,Darnell Mee,darnell-mee-1
1993,35,Ed Stokes,ed-stokes-1
1993,37,Nick Van Exel,nick-van-exel-1
1993,40,Rich Manning,rich-manning-1
1993,42,Adonis Jordan,adonis-jordan-1
1993,43,Josh Grant,josh-grant-1
1993,45,Bryon Russell,bryon-russell-1
1993,46,Richard Petruška,richard-petruska-1
1993,47,Chris Whitney,chris-whitney-1
1993,48,Kevin Thompson,kevin-thompson-1
1993,52,Mike Peplowski,mike-peplowski-1
1994,1,Glenn Robinson,glenn-robinson-1
1994,2,Jason Kidd,jason-kidd-1
1994,3,Grant Hill,grant-hill-1
1994,4,Donyell Marshall,donyell-marshall-1
1994,5,Juwan Howard,juwan-howard-1
1994,6,Sharone Wright,sharone-wright-1
1994,7,Lamond Murray,lamond-murray-1
1994,8,Brian Grant,brian-grant-1
1994,9,Eric Montross,eric-montross-1
1994,10,Eddie Jones,eddie-jones-1
1994,11,Carlos Rogers,carlos-rogers-1
1994,12,Khalid Reeves,khalid-reeves-1
1994,13,Jalen Rose,jalen-rose-1
1994,14,Yinka Dare,yinka-dare-1
1994,15,Eric Piatkowski,eric-piatkowski-1
1994,16,Clifford Rozier,clifford-rozier-1
1994,17,Aaron McKie,aaron-mckie-1
1994,18,Eric Mobley,eric-mobley-1
1994,19,Tony Dumas,tony-dumas-1
1994,20,B.J. Tyler,bj-tyler-1
1994,21,Dickey Simpkins,dickey-simpkins-1
1994,22,Bill Curley,bill-curley-1
1994,23,Wesley Person,wesley-person-1
1994,24,Monty Williams,monty-williams-1
1994,25,Greg Minor,greg-minor-1
1994,26,Charlie Ward,charlie-ward-1
1994,27,Brooks Thompson,brooks-thompson-1
1994,29,Antonio Lang,antonio-lang-1
1994,30,Howard Eisley,howard-eisley-1
1994,32,Jim McIlvaine,jim-mcilvaine-1
1994,33,Derrick Alston,derrick-alston-1
1994,34,Gaylon Nickerson,gaylon-nickerson-1
1994,35,Michael Smith,michael-smith-2
1994,37,Dontonio Wingfield,dontonio-wingfield-1
1994,38,Darrin Hancock,darrin-hancock-1
1994,39,Anthony Miller,anthony-miller-1
1994,40,Jeff Webster,jeff-webster-1
1994,43,Shawnelle Scott,shawnelle-scott-1
1994,45,Dwayne Morton,dwayne-morton-1
1994,46,Voshon Lenard,voshon-lenard-1
1994,47,Jamie Watson,jamie-watson-1
1994,50,Charles Claxton,charles-claxton-1
1994,51,Lawrence Funderburke,lawrence-funderburke-1
1994,52,Anthony Goldwire,anthony-goldwire-1
1994,54,Željko Rebrača,
1995,1,Joe Smith,joe-smith-1
1995,2,Antonio McDyess,antonio-mcdyess-1
1995,3,Jerry Stackhouse,jerry-stackhouse-1
1995,4,Rasheed Wallace,rasheed-wallace-1
1995,5,Kevin Garnett,
1995,6,Bryant Reeves,bryant-reeves-1
1995,7,Damon Stoudamire,damon-stoudamire-1
1995,8,Shawn Respert,shawn-respert-1
1995,9,Ed O'Bannon,ed-obannon-1
1995,10,Kurt Thomas,kurt-thomas-1
1995,11,Gary Trent,gary-trent-1
1995,12,Cherokee Parks,cherokee-parks-1
1995,13,Corliss Williamson,corliss-williamson-1
1995,14,Eric Williams,eric-williams-1
1995,15,Brent Barry,brent-barry-1
1995,16,Alan Henderson,alan-henderson-1
1995,17,Bob Sura,bob-sura-1
1995,18,Theo Ratliff,theo-ratliff-1
1995,19,Randolph Childress,randolph-childress-1
1995,20,Jason Caffey,jason-caffey-1
1995,21,Michael Finley,michael-finley-1
1995,22,George Zídek,george-zidek-1
1995,23,Travis Best,travis-best-1
1995,24,Loren Meyer,loren-meyer-1
1995,25,David Vaughn,david-vaughn-1
1995,26,Sherell Ford,sherell-ford-1
1995,27,Mario Bennett,mario-bennett-1
1995,28,Greg Ostertag,greg-ostertag-1
1995,29,Cory Alexander,cory-alexander-1
1995,30,Lou Roe,lou-roe-1
1995,31,Dragan Tarlać,
1995,32,Terrence Rencher,terrence-rencher-1
1995,33,Junior Burrough,junior-burrough-1
1995,34,Andrew DeClercq,andrew-declercq-1
1995,35,Jimmy King,jimmy-king-1
1995,36,Lawrence Moten,lawrence-moten-1
1995,37,Frankie King,frankie-king-1
1995,39,Donny Marshall,donny-marshall-1
1995,40,Dwayne Whitfield,dwayne-whitfield-1
1995,42,Donnie Boyce,donnie-boyce-1
1995,43,Eric Snow,eric-snow-1
1995,47,Tyus Edney,tyus-edney-1
1995,48,Mark Davis,mark-davis-2
1995,49,Jerome Allen,jerome-allen-1
1995,50,Martin Lewis,
1995,52,Fred Hoiberg,fred-hoiberg-1
1995,55,Michael McDonald,michael-mcdonald-1
1995,56,Chris Carr,chris-carr-1
1995,57,Cuonzo Martin,cuonzo-martin-1
1995,58,Don Reid,don-reid-1
1996,1,Allen Iverson,allen-iverson-1
1996,2,Marcus Camby,marcus-camby-1
1996,3,Shareef Abdur-Rahim,shareef-abdur-rahim-1
1996,4,Stephon Marbury,stephon-marbury-1
1996,5,Ray Allen,ray-allen-1
1996,6,Antoine Walker,antoine-walker-1
1996,7,Lorenzen Wright,lorenzen-wright-1
1996,8,Kerry Kittles,kerry-kittles-1
1996,9,Samaki Walker,samaki-walker-1
1996,10,Erick Dampier,erick-dampier-1
1996,11,Todd Fuller,todd-fuller-1
1996,12,Vitaly Potapenko,vitaly-potapenko-1
1996,13,Kobe Bryant,
1996,14,Peja Stojaković,
1996,15,Steve Nash,steve-nash-1
1996,16,Tony Delk,tony-delk-1
1996,17,Jermaine O'Neal,
1996,18,John Wallace,john-wallace-1
1996,19,Walter McCarty,walter-mccarty-1
1996,20,Zydrunas Ilgauskas,
1996,21,Dontae' Jones,dontae-jones-1
1996,22,Roy Rogers,roy-rogers-1
1996,23,Efthimi Rentzias,
1996,24,Derek Fisher,derek-fisher-1
1996,25,Martin Müürsepp,
1996,26,Jerome Williams,jerome-williams-1
1996,27,Brian Evans,brian-evans-1
1996,28,Priest Lauderdale,
1996,29,Travis Knight,travis-knight-1
1996,30,Othella Harrington,othella-harrington-1
1996,31,Mark Hendrickson,mark-hendrickson-1
1996,33,Moochie Norris,moochie-norris-1
1996,37,Jeff McInnis,jeff-mcinnis-1
1996,38,Steve Hamer,steve-hamer-1
1996,41,Jason Sasser,jason-sasser-1
1996,42,Randy Livingston,randy-livingston-1
1996,43,Ben Davis,ben-davis-1
1996,44,Malik Rose,malik-rose-1
1996,46,Marcus Brown,marcus-brown-1
1996,48,Jamie Feick,jamie-feick-1
1996,49,Amal McCaskill,amal-mccaskill-1
1996,51,Chris Robinson,chris-robinson-1
1996,52,Mark Pope,mark-pope-1
1996,53,Jeff Nordgaard,jeff-nordgaard-1
1996,54,Shandon Anderson,shandon-anderson-1
1996,56,Reggie Geary,reggie-geary-1
1996,57,Drew Barry,drew-barry-1
1997,1,Tim Duncan,tim-duncan-1
1997,2,Keith Van Horn,keith-van-horn-1
1997,3,Chauncey Billups,chauncey-billups-1
1997,4,Antonio Daniels,antonio-daniels-1
1997,5,Tony Battie,tony-battie-1
1997,6,Ron Mercer,ron-mercer-1
1997,7,Tim Thomas,tim-thomas-1
1997,8,Adonal Foyle,adonal-foyle-1
1997,9,Tracy McGrady,
1997,10,Danny Fortson,danny-fortson-1
1997,11,Tariq Abdul-Wahad,tariq-abdul-wahad-1
1997,12,Austin Croshere,austin-croshere-1
1997,13,Derek Anderson,derek-anderson-1
1997,14,Maurice Taylor,maurice-taylor-1
1997,15,Kelvin Cato,kelvin-cato-1
1997,16,Brevin Knight,brevin-knight-1
1997,17,Johnny Taylor,johnny-taylor-1
1997,18,Chris Anstey,
1997,19,Scot Pollard,scot-pollard-1
1997,20,Paul Grant,paul-grant-1
1997,21,Anthony Parker,anthony-parker-1
1997,22,Ed Gray,ed-gray-1
1997,23,Bobby Jackson,bobby-jackson-1
1997,24,Rodrick Rhodes,rodrick-rhodes-1
1997,25,John Thomas,john-thomas-1
1997,26,Charles Smith,charles-smith-2
1997,27,Jacque Vaughn,jacque-vaughn-1
1997,28,Keith Booth,keith-booth-1
1997,31,Charles O'Bannon,charles-obannon-1
1997,32,James Cotton,james-cotton-1
1997,33,Marko Milič,
1997,34,Bubba Wells,bubba-wells-1
1997,35,Kebu Stewart,kebu-stewart-1
1997,36,James Collins,james-collins-1
1997,37,Marc Jackson,marc-jackson-1
1997,38,Jerald Honeycutt,jerald-honeycutt-1
1997,39,Anthony Johnson,anthony-johnson-1
1997,41,Jason Lawson,jason-lawson-1
1997,42,Stephen Jackson,
1997,44,Cedric Henderson,cedric-henderson-2
1997,45,God Shammgod,god-shammgod-1
1997,46,Eric Washington,eric-washington-1
1997,47,Alvin Williams,alvin-williams-1
1997,48,Predrag Drobnjak,
1997,50,Chris Crawford,chris-crawford-1
1997,51,DeJuan Wheat,dejuan-wheat-1
1997,54,Mark Blount,mark-blount-1
1998,1,Michael Olowokandi,michael-olowokandi-1
1998,2,Mike Bibby,mike-bibby-1
1998,3,Raef LaFrentz,raef-lafrentz-1
1998,4,Antawn Jamison,antawn-jamison-1
1998,5,Vince Carter,vince-carter-1
1998,6,Robert Traylor,robert-traylor-1
1998,7,Jason Williams,jason-williams-1
1998,8,Larry Hughes,larry-hughes-1
1998,9,Dirk Nowitzki,
1998,10,Paul Pierce,paul-pierce-1
1998,11,Bonzi Wells,bonzi-wells-1
1998,12,Michael Doleac,michael-doleac-1
1998,13,Keon Clark,keon-clark-1
1998,14,Michael Dickerson,michael-dickerson-1
1998,15,Matt Harpring,matt-harpring-1
1998,16,Bryce Drew,bryce-drew-1
1998,17,Rasho Nesterović,
1998,18,Mirsad Türkcan,
1998,19,Pat Garrity,pat-garrity-1
1998,20,Roshown McLeod,roshown-mcleod-1
1998,21,Ricky Davis,ricky-davis-1
1998,22,Brian Skinner,brian-skinner-1
1998,23,Tyronn Lue,tyronn-lue-1
1998,24,Felipe López,felipe-lopez-1
1998,25,Al Harrington,
1998,26,Sam Jacobson,sam-jacobson-1
1998,27,Vladimir Stepania,
1998,28,Corey Benjamin,corey-benjamin-1
1998,29,Nazr Mohammed,nazr-mohammed-1
1998,30,Ansu Sesay,ansu-sesay-1
1998,31,Ruben Patterson,ruben-patterson-1
1998,32,Rashard Lewis,
1998,33,Jelani McCoy,jelani-mccoy-1
1998,34,Shammond Williams,shammond-williams-1
1998,35,Bruno Šundov,
1998,36,Jerome James,jerome-james-1
1998,37,Casey Shaw,casey-shaw-1
1998,38,DeMarco Johnson,demarco-johnson-1
1998,39,Rafer Alston,rafer-alston-1
1998,40,Korleone Young,
1998,41,Cuttino Mobley,cuttino-mobley-1
1998,42,Miles Simon,miles-simon-1
1998,43,Jahidi White,jahidi-white-1
1998,44,Sean Marks,sean-marks-1
1998,45,Toby Bailey,toby-bailey-1
1998,46,Andrae Patterson,andrae-patterson-1
1998,47,Tyson Wheeler,tyson-wheeler-1
1998,48,Ryan Stack,ryan-stack-1
1998,49,Cory Carr,cory-carr-1
1998,52,Derrick Dial,derrick-dial-1
1998,53,Greg Buckner,greg-buckner-1
1998,54,Tremaine Fowlkes,tremaine-fowlkes-1
1998,55,Ryan Bowen,ryan-bowen-1
1998,56,J.R. Henderson,jr-henderson-1
1998,57,Torraye Braggs,torraye-braggs-1
1998,58,Maceo Baston,maceo-baston-1
1999,1,Elton Brand,elton-brand-1
1999,2,Steve Francis,steve-francis-1
1999,3,Baron Davis,baron-davis-1
1999,4,Lamar Odom,lamar-odom-1
1999,5,Jonathan Bender,
1999,6,Wally Szczerbiak,wally-szczerbiak-1
1999,7,Richard Hamilton,richard-hamilton-1
1999,8,Andre Miller,andre-miller-1
1999,9,Shawn Marion,shawn-marion-1
1999,10,Jason Terry,jason-terry-1
1999,11,Trajan Langdon,trajan-langdon-1
1999,12,Aleksandar Radojević,
1999,13,Corey Maggette,corey-maggette-1
1999,14,William Avery,william-avery-1
1999,16,Metta World Peace,
1999,17,Cal Bowdler,cal-bowdler-1
1999,18,James Posey,james-posey-1
1999,19,Quincy Lewis,quincy-lewis-1
1999,20,Dion Glover,dion-glover-1
1999,21,Jeff Foster,jeff-foster-1
1999,22,Kenny Thomas,kenny-thomas-1
1999,23,Devean George,
1999,24,Andrei Kirilenko,
1999,25,Tim James,tim-james-1
1999,26,Vonteego Cummings,vonteego-cummings-1
1999,27,Jumaine Jones,jumaine-jones-1
1999,28,Scott Padgett,scott-padgett-1
1999,29,Leon Smith,leon-smith-1
1999,30,John Celestand,john-celestand-1
1999,32,Michael Ruffin,michael-ruffin-1
1999,33,Chris Herren,chris-herren-1
1999,34,Evan Eschmeyer,evan-eschmeyer-1
1999,35,Calvin Booth,calvin-booth-1
1999,36,Wang Zhizhi,
1999,37,Obinna Ekezie,obinna-ekezie-1
1999,38,Laron Profit,laron-profit-1
1999,39,A.J. Bramlett,aj-bramlett-1
1999,40,Gordan Giriček,
1999,41,Francisco Elson,francisco-elson-1
1999,43,Lee Nailon,lee-nailon-1
1999,45,Ryan Robertson,ryan-robertson-1
1999,47,Todd MacCulloch,todd-macculloch-1
1999,49,Lari Ketner,lari-ketner-1
1999,50,Venson Hamilton,venson-hamilton-1
1999,53,Rodney Buford,rodney-buford-1
1999,56,Tim Young,tim-young-1
1999,57,Manu Ginóbili,
2000,1,Kenyon Martin,kenyon-martin-1
2000,2,Stromile Swift,stromile-swift-1
2000,3,Darius Miles,
2000,4,Marcus Fizer,marcus-fizer-1
2000,5,Mike Miller,mike-miller-1
2000,6,DerMarr Johnson,dermarr-johnson-1
2000,7,Chris Mihm,chris-mihm-1
2000,8,Jamal Crawford,jamal-crawford-1
2000,9,Joel Przybilla,joel-przybilla-1
2000,10,Keyon Dooling,keyon-dooling-1
2000,11,Jérôme Moïso,jerome-moiso-1
2000,12,Etan Thomas,etan-thomas-1
2000,13,Courtney Alexander,courtney-alexander-1
2000,14,Mateen Cleaves,mateen-cleaves-1
2000,15,Jason Collier,jason-collier-1
2000,16,Hedo Türkoğlu,
2000,17,Desmond Mason,desmond-mason-1
2000,18,Quentin Richardson,quentin-richardson-1
2000,19,Jamaal Magloire,jamaal-magloire-1
2000,20,Speedy Claxton,speedy-claxton-1
2000,21,Morris Peterson,morris-peterson-1
2000,22,Donnell Harvey,donnell-harvey-1
2000,23,DeShawn Stevenson,
2000,24,Dalibor Bagarić,
2000,25,Jake Tsakalidis,
2000,26,Mamadou N'Diaye,mamadou-ndiaye-1
2000,27,Primož Brezec,
2000,28,Erick Barkley,erick-barkley-1
2000,29,Mark Madsen,mark-madsen-1
2000,30,Marko Jarić,
2000,31,Dan Langhi,dan-langhi-1
2000,32,A.J. Guyton,aj-guyton-1
2000,33,Jake Voskuhl,jake-voskuhl-1
2000,34,Khalid El-Amin,khalid-el-amin-1
2000,35,Mike Smith,mike-smith-1
2000,36,Soumaila Samake,
2000,37,Eddie House,eddie-house-1
2000,38,Eduardo Nájera,eduardo-najera-1
2000,39,Lavor Postell,lavor-postell-1
2000,40,Hanno Möttölä,hanno-mottola-1
2000,42,Olumide Oyedeji,
2000,43,Michael Redd,michael-redd-1
2000,44,Brian Cardinal,brian-cardinal-1
2000,45,Jabari Smith,jabari-smith-1
2000,49,Jason Hart,jason-hart-1
2000,50,Kaniel Dickens,kaniel-dickens-1
2000,51,Igor Rakočević,
2000,52,Ernest Brown,ernest-brown-1
2000,53,Dan McClintock,dan-mcclintock-1
2000,55,Chris Porter,chris-porter-1
2001,1,Kwame Brown,kwame-brown-1
2001,2,Tyson Chandler,
2001,3,Pau Gasol,
2001,4,Eddy Curry,
2001,5,Jason Richardson,jason-richardson-1
2001,6,Shane Battier,shane-battier-1
2001,7,Eddie Griffin,eddie-griffin-1
2001,8,DeSagana Diop,
2001,9,Rodney White,rodney-white-1
2001,10,Joe Johnson,joe-johnson-1
2001,11,Kedrick Brown,
2001,12,Vladimir Radmanović,
2001,13,Richard Jefferson,richard-jefferson-1
2001,14,Troy Murphy,troy-murphy-1
2001,15,Steven Hunter,steven-hunter-1
2001,16,Kirk Haston,kirk-haston-1
2001,17,Michael Bradley,michael-bradley-1
2001,18,Jason Collins,jason-collins-1
2001,19,Zach Randolph,zach-randolph-1
2001,20,Brendan Haywood,brendan-haywood-1
2001,21,Joseph Forte,joseph-forte-1
2001,22,Jeryl Sasser,jeryl-sasser-1
2001,23,Brandon Armstrong,brandon-armstrong-1
2001,24,Raül López,
2001,25,Gerald Wallace,gerald-wallace-1
2001,26,Samuel Dalembert,samuel-dalembert-1
2001,27,Jamaal Tinsley,jamaal-tinsley-1
2001,28,Tony Parker,tony-parker-1
2001,30,Trenton Hassell,trenton-hassell-1
2001,31,Gilbert Arenas,gilbert-arenas-1
2001,32,Omar Cook,omar-cook-1
2001,33,Will Solomon,will-solomon-1
2001,34,Terence Morris,terence-morris-1
2001,35,Brian Scalabrine,brian-scalabrine-1
2001,36,Jeff Trepagnier,jeff-trepagnier-1
2001,37,Damone Brown,damone-brown-1
2001,38,Mehmet Okur,
2001,40,Earl Watson,earl-watson-1
2001,41,Jamison Brewer,jamison-brewer-1
2001,42,Bobby Simmons,bobby-simmons-1
2001,45,Sean Lampley,sean-lampley-1
2001,46,Loren Woods,loren-woods-1
2001,48,Antonis Fotsis,
2001,49,Ken Johnson,ken-johnson-2
2001,50,Ruben Boumtje-Boumtje,ruben-boumtje-boumtje-1
2001,51,Alton Ford,alton-ford-1
2001,53,Jarron Collins,jarron-collins-1
2001,54,Kenny Satterfield,kenny-satterfield-1
2001,56,Robertas Javtokas,robertas-javtokas-1
2001,57,Alvin Jones,alvin-jones-1
2002,1,Yao Ming,
2002,2,Jay Williams,jay-williams-1
2002,3,Mike Dunleavy,mike-dunleavy-1
2002,4,Drew Gooden,drew-gooden-1
2002,5,Nikoloz Tskitishvili,
2002,6,Dajuan Wagner,dajuan-wagner-1
2002,7,Nenê Hilário,
2002,8,Chris Wilcox,chris-wilcox-1
2002,9,Amar'e Stoudemire,
2002,10,Caron Butler,caron-butler-1
2002,11,Jared Jeffries,jared-jeffries-1
2002,12,Melvin Ely,melvin-ely-1
2002,13,Marcus Haislip,marcus-haislip-1
2002,14,Fred Jones,fred-jones-1
2002,15,Boštjan Nachbar,
2002,16,Jiří Welsch,
2002,17,Juan Dixon,juan-dixon-1
2002,18,Curtis Borchardt,curtis-borchardt-1
2002,19,Ryan Humphrey,ryan-humphrey-1
2002,20,Kareem Rush,kareem-rush-1
2002,21,Qyntel Woods,
2002,22,Casey Jacobsen,casey-jacobsen-1
2002,23,Tayshaun Prince,tayshaun-prince-1
2002,24,Nenad Krstić,
2002,25,Frank Williams,frank-williams-1
2002,26,John Salmons,john-salmons-1
2002,27,Chris Jefferies,chris-jefferies-1
2002,28,Dan Dickau,dan-dickau-1
2002,31,Roger Mason,roger-mason-1
2002,32,Robert Archibald,robert-archibald-1
2002,33,Vincent Yarbrough,vincent-yarbrough-1
2002,34,Dan Gadzuric,dan-gadzuric-1
2002,35,Carlos Boozer,carlos-boozer-1
2002,37,David Andersen,
2002,38,Tito Maddox,tito-maddox-1
2002,40,Juan Carlos Navarro,
2002,41,Mario Kasun,
2002,42,Ronald Murray,
2002,44,Lonny Baxter,lonny-baxter-1
2002,46,Matt Barnes,matt-barnes-1
2002,47,Jamal Sampson,jamal-sampson-1
2002,48,Chris Owens,chris-owens-1
2002,50,Darius Songaila,darius-songaila-1
2002,53,Rasual Butler,rasual-butler-1
2002,54,Tamar Slay,tamar-slay-1
2002,56,Luis Scola,
2002,57,Randy Holcomb,randy-holcomb-1
2002,58,Corsley Edwards,corsley-edwards-1
2003,1,LeBron James,
2003,2,Darko Miličić,
2003,3,Carmelo Anthony,carmelo-anthony-1
2003,4,Chris Bosh,chris-bosh-1
2003,5,Dwyane Wade,dwyane-wade-1
2003,6,Chris Kaman,chris-kaman-1
2003,7,Kirk Hinrich,kirk-hinrich-1
2003,8,T.J. Ford,tj-ford-1
2003,9,Mike Sweetney,mike-sweetney-1
2003,10,Jarvis Hayes,jarvis-hayes-1
2003,11,Mickaël Piétrus,
2003,12,Nick Collison,nick-collison-1
2003,13,Marcus Banks,marcus-banks-1
2003,14,Luke Ridnour,luke-ridnour-1
2003,15,Reece Gaines,reece-gaines-1
2003,16,Troy Bell,troy-bell-1
2003,17,Žarko Čabarkapa,
2003,18,David West,david-west-1
2003,19,Sasha Pavlović,
2003,20,Dahntay Jones,dahntay-jones-1
2003,21,Boris Diaw,
2003,22,Zoran Planinić,
2003,23,Travis Outlaw,
2003,24,Brian Cook,brian-cook-1
2003,25,Carlos Delfino,
2003,26,Ndudi Ebi,
2003,27,Kendrick Perkins,
2003,28,Leandro Barbosa,
2003,29,Josh Howard,josh-howard-1
2003,30,Maciej Lampe,
2003,31,Jason Kapono,jason-kapono-1
2003,32,Luke Walton,luke-walton-1
2003,33,Jerome Beasley,
2003,34,Sofoklis Schortsanitis,
2003,35,Szymon Szewczyk,
2003,36,Mario Austin,mario-austin-1
2003,37,Travis Hansen,travis-hansen-1
2003,38,Steve Blake,steve-blake-1
2003,39,Slavko Vraneš,
2003,40,Derrick Zimmerman,derrick-zimmerman-1
2003,41,Willie Green,willie-green-1
2003,42,Zaza Pachulia,
2003,43,Keith Bogans,keith-bogans-1
2003,45,Matt Bonner,matt-bonner-1
2003,46,Sani Bečirovič,
2003,47,Mo Williams,mo-williams-1
2003,48,James Lang,
2003,49,James Jones,james-jones-1
2003,50,Paccelis Morlende,
2003,51,Kyle Korver,kyle-korver-1
2003,54,Nedžad Sinanović,
2003,56,Brandon Hunter,brandon-hunter-1
2003,57,Xue Yuyang,
2003,58,Andreas Glyniadakis,
2004,1,Dwight Howard,
2004,2,Emeka Okafor,emeka-okafor-1
2004,3,Ben Gordon,ben-gordon-1
2004,4,Shaun Livingston,
2004,5,Devin Harris,devin-harris-1
2004,6,Josh Childress,josh-childress-1
2004,7,Luol Deng,luol-deng-1
2004,8,Rafael Araújo,rafael-araujo-1
2004,9,Andre Iguodala,andre-iguodala-1
2004,10,Luke Jackson,luke-jackson-1
2004,11,Andris Biedriņš,
2004,12,Robert Swift,
2004,13,Sebastian Telfair,
2004,14,Kris Humphries,kris-humphries-1
2004,15,Al Jefferson,
2004,16,Kirk Snyder,kirk-snyder-1
2004,17,Josh Smith,josh-smith-1
2004,18,J.R. Smith,
2004,19,Dorell Wright,
2004,20,Jameer Nelson,jameer-nelson-1
2004,21,Pavel Podkolzin,
2004,22,Viktor Khryapa,
2004,23,Sergei Monia,
2004,24,Delonte West,delonte-west-1
2004,25,Tony Allen,tony-allen-1
2004,26,Kevin Martin,kevin-martin-1
2004,27,Sasha Vujačić,
2004,28,Beno Udrih,
2004,29,David Harrison,david-harrison-1
2004,30,Anderson Varejão,
2004,31,Jackson Vroman,jackson-vroman-1
2004,32,Peter John Ramos,
2004,33,Lionel Chalmers,lionel-chalmers-1
2004,34,Donta Smith,
2004,35,Andre Emmett,andre-emmett-1
2004,36,Antonio Burks,antonio-burks-1
2004,37,Royal Ivey,royal-ivey-1
2004,38,Chris Duhon,chris-duhon-1
2004,39,Albert Miralles,
2004,40,Justin Reed,justin-reed-1
2004,42,Viktor Sanikidze,
2004,43,Trevor Ariza,trevor-ariza-1
2004,45,Bernard Robinson,bernard-robinson-1
2004,46,Ha Seung-Jin,
2004,47,Pape Sow,pape-sow-1
2004,49,Sergei Lishouk,
2004,50,Vassilis Spanoulis,
2004,53,Matt Freije,matt-freije-1
2004,55,Luis Flores,luis-flores-1
2004,57,Sergei Karaulov,
2005,1,Andrew Bogut,andrew-bogut-1
2005,2,Marvin Williams,marvin-williams-1
2005,3,Deron Williams,deron-williams-1
2005,4,Chris Paul,chris-paul-1
2005,5,Raymond Felton,raymond-felton-1
2005,6,Martell Webster,
2005,7,Charlie Villanueva,charlie-villanueva-1
2005,8,Channing Frye,channing-frye-1
2005,9,Ike Diogu,ike-diogu-1
2005,10,Andrew Bynum,
2005,11,Fran Vázquez,
2005,12,Yaroslav Korolev,
2005,13,Sean May,sean-may-1
2005,14,Rashad McCants,rashad-mccants-1
2005,15,Antoine Wright,antoine-wright-1
2005,16,Joey Graham,joey-graham-1
2005,17,Danny Granger,danny-granger-1
2005,18,Gerald Green,
2005,19,Hakim Warrick,hakim-warrick-1
2005,20,Julius Hodge,julius-hodge-1
2005,21,Nate Robinson,nate-robinson-1
2005,22,Jarrett Jack,jarrett-jack-1
2005,23,Francisco García,francisco-garcia-1
2005,24,Luther Head,luther-head-1
2005,25,Johan Petro,
2005,26,Jason Maxiell,jason-maxiell-1
2005,27,Linas Kleiza,linas-kleiza-1
2005,28,Ian Mahinmi,
2005,29,Wayne Simien,wayne-simien-1
2005,30,David Lee,david-lee-1
2005,31,Salim Stoudamire,salim-stoudamire-1
2005,32,Daniel Ewing,daniel-ewing-1
2005,33,Brandon Bass,brandon-bass-1
2005,34,C.J. Miles,
2005,36,Ersan İlyasova,
2005,37,Ronny Turiaf,ronny-turiaf-1
2005,38,Travis Diener,travis-diener-1
2005,39,Von Wafer,von-wafer-1
2005,40,Monta Ellis,
2005,41,Roko Ukić,
2005,42,Chris Taft,chris-taft-1
2005,43,Mile Ilić,
2005,44,Martynas Andriuškevičius,
2005,45,Lou Williams,lou-williams-1
2005,46,Erazem Lorbek,erazem-lorbek-1
2005,47,Bracey Wright,bracey-wright-1
2005,48,Mickaël Gelabale,
2005,49,Andray Blatche,
2005,50,Ryan Gomes,ryan-gomes-1
2005,51,Robert Whaley,robert-whaley-1
2005,52,Axel Hervelle,
2005,53,Orien Greene,orien-greene-1
2005,54,Dijon Thompson,dijon-thompson-1
2005,55,Lawrence Roberts,lawrence-roberts-1
2005,56,Amir Johnson,amir-johnson-1
2005,57,Marcin Gortat,
2005,58,Uroš Slokar,
2005,59,Cenk Akyol,
2005,60,Alex Acker,alex-acker-1
2006,1,Andrea Bargnani,
2006,2,LaMarcus Aldridge,lamarcus-aldridge-1
2006,3,Adam Morrison,adam-morrison-1
2006,4,Tyrus Thomas,tyrus-thomas-1
2006,5,Shelden Williams,shelden-williams-1
2006,6,Brandon Roy,brandon-roy-1
2006,7,Randy Foye,randy-foye-1
2006,8,Rudy Gay,rudy-gay-1
2006,9,Patrick O'Bryant,patrick-obryant-1
2006,10,Mouhamed Sene,
2006,11,J.J. Redick,jj-redick-1
2006,12,Hilton Armstrong,hilton-armstrong-1
2006,13,Thabo Sefolosha,
2006,14,Ronnie Brewer,ronnie-brewer-1
2006,15,Cedric Simmons,cedric-simmons-1
2006,16,Rodney Carney,rodney-carney-1
2006,17,Shawne Williams,shawne-williams-1
2006,18,Oleksiy Pecherov,
2006,19,Quincy Douby,quincy-douby-1
2006,20,Renaldo Balkman,renaldo-balkman-1
2006,21,Rajon Rondo,rajon-rondo-1
2006,22,Marcus Williams,marcus-williams-1
2006,23,Josh Boone,josh-boone-1
2006,24,Kyle Lowry,kyle-lowry-1
2006,25,Shannon Brown,shannon-brown-1
2006,26,Jordan Farmar,jordan-farmar-1
2006,27,Sergio Rodríguez,
2006,28,Maurice Ager,maurice-ager-1
2006,29,Mardy Collins,mardy-collins-1
2006,30,Joel Freeland,
2006,31,James White,james-white-1
2006,32,Steve Novak,steve-novak-1
2006,33,Solomon Jones,solomon-jones-1
2006,34,Paul Davis,paul-davis-1
2006,35,P.J. Tucker,pj-tucker-1
2006,36,Craig Smith,craig-smith-1
2006,37,Bobby Jones,bobby-jones-1
2006,38,Kosta Perović,
2006,39,David Noel,david-noel-1
2006,41,James Augustine,james-augustine-1
2006,42,Daniel Gibson,daniel-gibson-1
2006,43,Marcus Vinicius,
2006,44,Lior Eliyahu,
2006,45,Alexander Johnson,alexander-johnson-1
2006,46,Dee Brown,dee-brown-2
2006,47,Paul Millsap,paul-millsap-1
2006,48,Vladimir Veremeenko,
2006,49,Leon Powe,leon-powe-1
2006,50,Ryan Hollins,ryan-hollins-1
2006,51,Cheikh Samb,
2006,52,Guillermo Díaz,guillermo-diaz-1
2006,53,Yotam Halperin,
2006,54,Hassan Adams,hassan-adams-1
2006,55,Ejike Ugboaja,
2006,56,Edin Bavčić,
2006,59,Damir Markota,
2006,60,Will Blalock,will-blalock-1
2007,1,Greg Oden,greg-oden-1
2007,2,Kevin Durant,kevin-durant-1
2007,3,Al Horford,al-horford-1
2007,4,Mike Conley,mike-conley-1
2007,5,Jeff Green,jeff-green-1
2007,6,Yi Jianlian,
2007,7,Corey Brewer,corey-brewer-1
2007,8,Brandan Wright,brandan-wright-1
2007,9,Joakim Noah,joakim-noah-1
2007,10,Spencer Hawes,spencer-hawes-1
2007,11,Acie Law,acie-law-1
2007,12,Thaddeus Young,thaddeus-young-1
2007,13,Julian Wright,julian-wright-1
2007,14,Al Thornton,al-thornton-1
2007,15,Rodney Stuckey,rodney-stuckey-1
2007,16,Nick Young,nick-young-1
2007,17,Sean Williams,sean-williams-1
2007,18,Marco Belinelli,
2007,19,Javaris Crittenton,javaris-crittenton-1
2007,20,Jason Smith,jason-smith-1
2007,21,Daequan Cook,daequan-cook-1
2007,22,Jared Dudley,jared-dudley-1
2007,23,Wilson Chandler,wilson-chandler-1
2007,24,Rudy Fernández,
2007,25,Morris Almond,morris-almond-1
2007,26,Aaron Brooks,aaron-brooks-1
2007,27,Arron Afflalo,arron-afflalo-1
2007,28,Tiago Splitter,
2007,29,Alando Tucker,alando-tucker-1
2007,30,Petteri Koponen,
2007,31,Carl Landry,carl-landry-1
2007,32,Gabe Pruitt,gabe-pruitt-1
2007,33,Marcus Williams,marcus-williams-2
2007,34,Nick Fazekas,nick-fazekas-1
2007,35,Glen Davis,glen-davis-1
2007,36,Jermareo Davidson,jermareo-davidson-1
2007,37,Josh McRoberts,josh-mcroberts-1
2007,38,Kyrylo Fesenko,
2007,39,Stanko Barać,
2007,40,Sun Yue,
2007,41,Chris Richard,chris-richard-1
2007,42,Derrick Byars,derrick-byars-1
2007,46,Stéphane Lasme,stephane-lasme-1
2007,47,Dominic McGuire,dominic-mcguire-1
2007,48,Marc Gasol,
2007,49,Aaron Gray,aaron-gray-1
2007,50,Renaldas Seibutis,
2007,51,JamesOn Curry,jameson-curry-1
2007,52,Taurean Green,taurean-green-1
2007,53,Demetris Nichols,demetris-nichols-1
2007,54,Brad Newley,
2007,56,Ramon Sessions,ramon-sessions-1
2007,58,Georgios Printezis,
2007,59,D.J. Strawberry,dj-strawberry-1
2007,60,Milovan Raković,
2008,1,Derrick Rose,derrick-rose-1
2008,2,Michael Beasley,michael-beasley-1
2008,3,O.J. Mayo,oj-mayo-1
2008,4,Russell Westbrook,russell-westbrook-1
2008,5,Kevin Love,kevin-love-1
2008,6,Danilo Gallinari,
2008,7,Eric Gordon,eric-gordon-1
2008,8,Joe Alexander,joe-alexander-1
2008,9,D.J. Augustin,dj-augustin-1
2008,10,Brook Lopez,brook-lopez-1
2008,11,Jerryd Bayless,jerryd-bayless-1
2008,12,Jason Thompson,jason-thompson-1
2008,13,Brandon Rush,brandon-rush-1
2008,14,Anthony Randolph,anthony-randolph-1
2008,15,Robin Lopez,robin-lopez-1
2008,16,Marreese Speights,marreese-speights-1
2008,17,Roy Hibbert,roy-hibbert-1
2008,18,JaVale McGee,javale-mcgee-1
2008,19,J.J. Hickson,jj-hickson-1
2008,20,Alexis Ajinça,
2008,21,Ryan Anderson,ryan-anderson-1
2008,22,Courtney Lee,courtney-lee-1
2008,23,Kosta Koufos,kosta-koufos-1
2008,24,Serge Ibaka,
2008,25,Nicolas Batum,
2008,26,George Hill,george-hill-1
2008,27,Darrell Arthur,darrell-arthur-1
2008,28,Donté Greene,donte-greene-1
2008,29,D.J. White,dj-white-1
2008,30,J.R. Giddens,jr-giddens-1
2008,31,Nikola Peković,
2008,32,Walter Sharpe,walter-sharpe-1
2008,33,Joey Dorsey,joey-dorsey-1
2008,34,Mario Chalmers,mario-chalmers-1
2008,35,DeAndre Jordan,deandre-jordan-1
2008,36,Ömer Aşık,
2008,37,Luc Richard Mbah a Moute,luc-richard-mbah-a-moute-1
2008,38,Kyle Weaver,kyle-weaver-1
2008,39,Sonny Weems,sonny-weems-1
2008,40,Chris Douglas-Roberts,chris-douglas-roberts-1
2008,41,Nathan Jawai,
2008,42,Sean Singletary,sean-singletary-1
2008,43,Pat Ewing,pat-ewing-1
2008,44,Ante Tomić,
2008,45,Goran Dragić,
2008,47,Bill Walker,bill-walker-1
2008,48,Malik Hairston,malik-hairston-1
2008,50,DeVon Hardin,devon-hardin-1
2008,52,Darnell Jackson,darnell-jackson-1
2008,53,Tadija Dragićević,
2008,54,Maarty Leunen,maarty-leunen-1
2008,55,Mike Taylor,mike-taylor-1
2008,56,Sasha Kaun,sasha-kaun-1
2008,58,Joe Crawford,joe-crawford-1
2008,60,Semih Erden,
2009,1,Blake Griffin,blake-griffin-1
2009,2,Hasheem Thabeet,hasheem-thabeet-1
2009,3,James Harden,james-harden-1
2009,4,Tyreke Evans,tyreke-evans-1
2009,5,Ricky Rubio,
2009,6,Jonny Flynn,jonny-flynn-1
2009,7,Stephen Curry,stephen-curry-1
2009,8,Jordan Hill,jordan-hill-1
2009,9,DeMar DeRozan,demar-derozan-1
2009,10,Brandon Jennings,brandon-jennings-1
2009,11,Terrence Williams,terrence-williams-1
2009,12,Gerald Henderson,gerald-henderson-1
2009,13,Tyler Hansbrough,tyler-hansbrough-1
2009,14,Earl Clark,earl-clark-1
2009,15,Austin Daye,austin-daye-1
2009,16,James Johnson,james-johnson-1
2009,17,Jrue Holiday,jrue-holiday-1
2009,18,Ty Lawson,ty-lawson-1
2009,19,Jeff Teague,jeff-teague-1
2009,20,Eric Maynor,eric-maynor-1
2009,21,Darren Collison,darren-collison-1
2009,22,Victor Claver,
2009,23,Omri Casspi,
2009,24,BJ Mullens,bj-mullens-1
2009,25,Rodrigue Beaubois,
2009,26,Taj Gibson,taj-gibson-1
2009,27,DeMarre Carroll,demarre-carroll-1
2009,28,Wayne Ellington,wayne-ellington-1
2009,29,Toney Douglas,toney-douglas-1
2009,30,Christian Eyenga,
2009,31,Jeff Pendergraph,jeff-pendergraph-1
2009,32,Jermaine Taylor,jermaine-taylor-1
2009,33,Dante Cunningham,dante-cunningham-1
2009,34,Sergio Llull,
2009,35,DaJuan Summers,dajuan-summers-1
2009,36,Sam Young,sam-young-1
2009,37,DeJuan Blair,dejuan-blair-1
2009,38,Jon Brockman,jon-brockman-1
2009,39,Jonas Jerebko,
2009,40,Derrick Brown,derrick-brown-1
2009,41,Jodie Meeks,jodie-meeks-1
2009,42,Patrick Beverley,patrick-beverley-1
2009,43,Marcus Thornton,marcus-thornton-1
2009,44,Chase Budinger,chase-budinger-1
2009,45,Nick Calathes,nick-calathes-1
2009,46,Danny Green,danny-green-1
2009,47,Henk Norel,
2009,48,Taylor Griffin,taylor-griffin-1
2009,49,Sergiy Gladyr,
2009,52,A.J. Price,aj-price-1
2009,53,Nando De Colo,
2009,55,Patrick Mills,patrick-mills-1
2009,57,Emir Preldžić,
2009,58,Lester Hudson,lester-hudson-1
2009,59,Chinemelu Elonu,chinemelu-elonu-1
2010,1,John Wall,john-wall-1
2010,2,Evan Turner,evan-turner-1
2010,3,Derrick Favors,derrick-favors-1
2010,4,Wesley Johnson,wesley-johnson-1
2010,5,DeMarcus Cousins,demarcus-cousins-1
2010,6,Ekpe Udoh,ekpe-udoh-1
2010,7,Greg Monroe,greg-monroe-1
2010,8,Al-Farouq Aminu,al-farouq-aminu-1
2010,9,Gordon Hayward,gordon-hayward-1
2010,10,Paul George,paul-george-1
2010,11,Cole Aldrich,cole-aldrich-1
2010,12,Xavier Henry,xavier-henry-1
2010,13,Ed Davis,ed-davis-1
2010,14,Patrick Patterson,patrick-patterson-1
2010,15,Larry Sanders,larry-sanders-1
2010,16,Luke Babbitt,luke-babbitt-1
2010,17,Kevin Séraphin,
2010,18,Eric Bledsoe,eric-bledsoe-1
2010,19,Avery Bradley,avery-bradley-1
2010,20,James Anderson,james-anderson-1
2010,21,Craig Brackins,craig-brackins-1
2010,22,Elliot Williams,elliot-williams-1
2010,23,Trevor Booker,trevor-booker-1
2010,24,Damion James,damion-james-1
2010,25,Dominique Jones,dominique-jones-1
2010,26,Quincy Pondexter,quincy-pondexter-1
2010,27,Jordan Crawford,jordan-crawford-1
2010,28,Greivis Vásquez,greivis-vasquez-1
2010,29,Daniel Orton,daniel-orton-1
2010,30,Lazar Hayward,lazar-hayward-1
2010,31,Tibor Pleiß,
2010,32,Dexter Pittman,dexter-pittman-1
2010,33,Hassan Whiteside,hassan-whiteside-1
2010,34,Armon Johnson,armon-johnson-1
2010,35,Nemanja Bjelica,
2010,37,Darington Hobson,darington-hobson-1
2010,38,Andy Rautins,andy-rautins-1
2010,39,Landry Fields,landry-fields-1
2010,40,Lance Stephenson,lance-stephenson-1
2010,41,Jarvis Varnado,jarvis-varnado-1
2010,43,Devin Ebanks,devin-ebanks-1
2010,44,Jerome Jordan,jerome-jordan-1
2010,45,Paulo Prestes,
2010,46,Gani Lawal,gani-lawal-1
2010,48,Latavious Williams,
2010,49,Ryan Richards,
2010,50,Solomon Alabi,solomon-alabi-1
2010,52,Luke Harangody,luke-harangody-1
2010,53,Pape Sy,
2010,54,Willie Warren,willie-warren-1
2010,55,Jeremy Evans,jeremy-evans-1
2010,56,Hamady N'Diaye,hamady-ndiaye-1
2010,57,Ryan Reid,ryan-reid-1
2010,58,Derrick Caracter,derrick-caracter-1
2010,60,Dwayne Collins,dwayne-collins-1
2011,1,Kyrie Irving,kyrie-irving-1
2011,2,Derrick Williams,derrick-williams-1
2011,3,Enes Kanter,
2011,4,Tristan Thompson,tristan-thompson-1
2011,5,Jonas Valančiūnas,
2011,6,Jan Veselý,
2011,7,Bismack Biyombo,
2011,8,Brandon Knight,brandon-knight-1
2011,9,Kemba Walker,kemba-walker-1
2011,10,Jimmer Fredette,jimmer-fredette-1
2011,11,Klay Thompson,klay-thompson-1
2011,12,Alec Burks,alec-burks-1
2011,13,Markieff Morris,markieff-morris-1
2011,14,Marcus Morris,marcus-morris-1
2011,15,Kawhi Leonard,kawhi-leonard-1
2011,16,Nikola Vučević,nikola-vucevic-1
2011,17,Iman Shumpert,iman-shumpert-1
2011,18,Chris Singleton,chris-singleton-1
2011,19,Tobias Harris,tobias-harris-1
2011,20,Donatas Motiejūnas,
2011,21,Nolan Smith,nolan-smith-1
2011,22,Kenneth Faried,kenneth-faried-1
2011,23,Nikola Mirotić,
2011,24,Reggie Jackson,reggie-jackson-1
2011,25,MarShon Brooks,marshon-brooks-1
2011,26,Jordan Hamilton,jordan-hamilton-1
2011,27,JaJuan Johnson,jajuan-johnson-1
2011,28,Norris Cole,norris-cole-1
2011,29,Cory Joseph,cory-joseph-1
2011,30,Jimmy Butler,jimmy-butler-1
2011,31,Bojan Bogdanović,
2011,32,Justin Harper,justin-harper-1
2011,33,Kyle Singler,kyle-singler-1
2011,34,Shelvin Mack,shelvin-mack-1
2011,35,Tyler Honeycutt,tyler-honeycutt-1
2011,36,Jordan Williams,jordan-williams-1
2011,37,Trey Thompkins,trey-thompkins-1
2011,38,Chandler Parsons,chandler-parsons-1
2011,39,Jeremy Tyler,
2011,40,Jon Leuer,jon-leuer-1
2011,41,Darius Morris,darius-morris-1
2011,42,Dāvis Bertāns,
2011,43,Malcolm Lee,malcolm-lee-1
2011,44,Charles Jenkins,charles-jenkins-1
2011,45,Josh Harrellson,josh-harrellson-1
2011,46,Andrew Goudelock,andrew-goudelock-1
2011,47,Travis Leslie,travis-leslie-1
2011,48,Keith Benson,keith-benson-1
2011,49,Josh Selby,josh-selby-1
2011,50,Lavoy Allen,lavoy-allen-1
2011,51,Jon Diebler,jon-diebler-1
2011,52,Vernon Macklin,vernon-macklin-1
2011,53,DeAndre Liggins,deandre-liggins-1
2011,54,Milan Mačvan,
2011,55,E'Twaun Moore,etwaun-moore-1
2011,56,Chukwudiebere Maduabum,
2011,58,Ater Majok,ater-majok-1
2011,59,Ádám Hanga,
2011,60,Isaiah Thomas,isaiah-thomas-1
2012,1,Anthony Davis,anthony-davis-1
2012,2,Michael Kidd-Gilchrist,michael-kidd-gilchrist-1
2012,3,Bradley Beal,bradley-beal-1
2012,4,Dion Waiters,dion-waiters-1
2012,5,Thomas Robinson,thomas-robinson-2
2012,6,Damian Lillard,damian-lillard-1
2012,7,Harrison Barnes,harrison-barnes-1
2012,8,Terrence Ross,terrence-ross-1
2012,9,Andre Drummond,andre-drummond-1
2012,10,Austin Rivers,austin-rivers-1
2012,11,Meyers Leonard,meyers-leonard-1
2012,12,Jeremy Lamb,jeremy-lamb-1
2012,13,Kendall Marshall,kendall-marshall-1
2012,14,John Henson,john-henson-1
2012,15,Maurice Harkless,maurice-harkless-1
2012,16,Royce White,royce-white-1
2012,17,Tyler Zeller,tyler-zeller-1
2012,18,Terrence Jones,terrence-jones-1
2012,19,Andrew Nicholson,andrew-nicholson-1
2012,20,Evan Fournier,
2012,21,Jared Sullinger,jared-sullinger-1
2012,22,Fab Melo,fab-melo-1
2012,23,John Jenkins,john-jenkins-1
2012,24,Jared Cunningham,jared-cunningham-1
2012,25,Tony Wroten,tony-wroten-1
2012,26,Miles Plumlee,miles-plumlee-1
2012,27,Arnett Moultrie,arnett-moultrie-1
2012,28,Perry Jones,perry-jones-1
2012,29,Marquis Teague,marquis-teague-1
2012,30,Festus Ezeli,festus-ezeli-1
2012,31,Jeffery Taylor,jeffery-taylor-1
2012,32,Tomáš Satoranský,
2012,33,Bernard James,bernard-james--1
2012,34,Jae Crowder,jae-crowder-1
2012,35,Draymond Green,draymond-green-1
2012,36,Orlando Johnson,orlando-johnson-1
2012,37,Quincy Acy,quincy-acy-1
2012,38,Quincy Miller,quincy-miller-1
2012,39,Khris Middleton,khris-middleton-1
2012,40,Will Barton,will-barton-1
2012,41,Tyshawn Taylor,tyshawn-taylor-1
2012,42,Doron Lamb,doron-lamb-1
2012,43,Mike Scott,mike-scott-1
2012,44,Kim English,kim-english-1
2012,45,Justin Hamilton,justin-hamilton-1
2012,46,Darius Miller,darius-miller-1
2012,47,Kevin Murphy,kevin-murphy-1
2012,48,Kostas Papanikolaou,
2012,49,Kyle O'Quinn,kyle-oquinn-1
2012,50,İzzet Türkyılmaz,
2012,51,Kris Joseph,kris-joseph-1
2012,52,Ognjen Kuzmić,
2012,53,Furkan Aldemir,
2012,54,Tornike Shengelia,
2012,55,Darius Johnson-Odom,darius-johnson-odom-1
2012,56,Tomislav Zubčić,
2012,57,İlkan Karaman,
2012,58,Robbie Hummel,robbie-hummel-1
2012,59,Marcus Denmon,marcus-denmon-1
2012,60,Robert Sacre,robert-sacre-1
2013,1,Anthony Bennett,anthony-bennett-1
2013,2,Victor Oladipo,victor-oladipo-1
2013,3,Otto Porter,otto-porter-1
2013,4,Cody Zeller,cody-zeller-1
2013,5,Alex Len,alex-len-1
2013,6,Nerlens Noel,nerlens-noel-1
2013,7,Ben McLemore,ben-mclemore-1
2013,8,Kentavious Caldwell-Pope,kentavious-caldwell-pope-1
2013,9,Trey Burke,trey-burke-1
2013,10,CJ McCollum,cj-mccollum-1
2013,11,Michael Carter-Williams,michael-carter-williams-1
2013,12,Steven Adams,steven-adams-1
2013,13,Kelly Olynyk,kelly-olynyk-1
2013,14,Shabazz Muhammad,shabazz-muhammad-1
2013,15,Giannis Antetokounmpo,
2013,16,Lucas Nogueira,
2013,17,Dennis Schröder,
2013,18,Shane Larkin,shane-larkin-1
2013,19,Sergey Karasev,
2013,20,Tony Snell,tony-snell-1
2013,21,Gorgui Dieng,gorgui-dieng-1
2013,22,Mason Plumlee,mason-plumlee-1
2013,23,Solomon Hill,solomon-hill-1
2013,24,Tim Hardaway Jr,tim-hardaway-jr-1
2013,25,Reggie Bullock,reggie-bullock-1
2013,26,Andre Roberson,andre-roberson-1
2013,27,Rudy Gobert,
2013,28,Livio Jean-Charles,
2013,29,Archie Goodwin,archie-goodwin-1
2013,30,Nemanja Nedović,
2013,31,Allen Crabbe,allen-crabbe-1
2013,32,Álex Abrines,
2013,33,Carrick Felix,carrick-felix-1
2013,34,Isaiah Canaan,isaiah-canaan-1
2013,35,Glen Rice Jr,glen-rice-jr-1
2013,36,Ray McCallum,ray-mccallum-1
2013,37,Tony Mitchell,tony-mitchell-1
2013,38,Nate Wolters,nate-wolters-1
2013,39,Jeff Withey,jeff-withey-1
2013,40,Grant Jerrett,grant-jerrett-1
2013,41,Jamaal Franklin,jamaal-franklin-1
2013,42,Pierre Jackson,pierre-jackson-1
2013,43,Ricky Ledo,
2013,44,Mike Muscala,mike-muscala-1
2013,45,Marko Todorović,
2013,46,Erick Green,erick-green-1
2013,47,Raul Neto,
2013,48,Ryan Kelly,ryan-kelly-1
2013,49,Erik Murphy,erik-murphy-1
2013,50,James Ennis,james-ennis-1
2013,52,Lorenzo Brown,lorenzo-brown-1
2013,53,Colton Iverson,colton-iverson-1
2013,54,Arsalan Kazemi,arsalan-kazemi-1
2013,55,Joffrey Lauvergne,
2013,56,Peyton Siva,peyton-siva-1
2013,57,Alex Oriakhi,alex-oriakhi-1
2013,58,Deshaun Thomas,deshaun-thomas-1
2013,59,Bojan Dubljević,
2013,60,Jānis Timma,
2014,1,Andrew Wiggins,andrew-wiggins-1
2014,2,Jabari Parker,jabari-parker-1
2014,3,Joel Embiid,joel-embiid-1
2014,4,Aaron Gordon,aaron-gordon-1
2014,5,Dante Exum,
2014,6,Marcus Smart,marcus-smart-1
2014,7,Julius Randle,julius-randle-1
2014,8,Nik Stauskas,nik-stauskas-1
2014,9,Noah Vonleh,noah-vonleh-1
2014,10,Elfrid Payton,elfrid-payton-1
2014,11,Doug McDermott,doug-mcdermott-1
2014,12,Dario Šarić,
2014,13,Zach LaVine,zach-lavine-1
2014,14,T.J. Warren,tj-warren-1
2014,15,Adreian Payne,adreian-payne-1
2014,16,Jusuf Nurkić,
2014,17,James Young,james-young-1
2014,18,Tyler Ennis,tyler-ennis-1
2014,19,Gary Harris,gary-harris-1
2014,20,Bruno Caboclo,
2014,21,Mitch McGary,mitch-mcgary-1
2014,22,Jordan Adams,jordan-adams-1
2014,23,Rodney Hood,rodney-hood-1
2014,24,Shabazz Napier,shabazz-napier-1
2014,25,Clint Capela,
2014,26,P.J. Hairston,pj-hairston-1
2014,27,Bogdan Bogdanović,
2014,28,C.J. Wilcox,cj-wilcox-1
2014,29,Josh Huestis,josh-huestis-1
2014,30,Kyle Anderson,kyle-anderson-3
2014,31,Damien Inglis,
2014,32,K.J. McDaniels,kj-mcdaniels-1
2014,33,Joe Harris,joe-harris-1
2014,34,Cleanthony Early,cleanthony-early-1
2014,35,Jarnell Stokes,jarnell-stokes-1
2014,36,Johnny O'Bryant,johnny-obryant-1
2014,37,DeAndre Daniels,deandre-daniels-1
2014,38,Spencer Dinwiddie,spencer-dinwiddie-1
2014,39,Jerami Grant,jerami-grant-1
2014,40,Glenn Robinson,glenn-robinson-2
2014,41,Nikola Jokić,
2014,42,Nick Johnson,nick-johnson-1
2014,43,Edy Tavares,
2014,44,Markel Brown,markel-brown-1
2014,45,Dwight Powell,dwight-powell-1
2014,46,Jordan Clarkson,jordan-clarkson-1
2014,47,Russ Smith,russ-smith-1
2014,48,Lamar Patterson,lamar-patterson-1
2014,49,Cameron Bairstow,cameron-bairstow-1
2014,50,Alec Brown,alec-brown-1
2014,51,Thanasis Antetokounmpo,
2014,52,Vasilije Micić,
2014,53,Alessandro Gentile,
2014,54,Nemanja Dangubić,
2014,55,Semaj Christon,semaj-christon-1
2014,56,Roy Devyn Marble,roy-devyn-marble-1
2014,57,Louis Labeyrie,
2014,58,Jordan McRae,jordan-mcrae-1
2014,59,Xavier Thames,xavier-thames-1
2014,60,Cory Jefferson,cory-jefferson-1
2015,1,Karl-Anthony Towns,karl-anthony-towns-1
2015,2,D'Angelo Russell,dangelo-russell-1
2015,3,Jahlil Okafor,jahlil-okafor-1
2015,4,Kristaps Porziņģis,
2015,5,Mario Hezonja,
2015,6,Willie Cauley-Stein,willie-cauley-stein-1
2015,7,Emmanuel Mudiay,
2015,8,Stanley Johnson,stanley-johnson-1
2015,9,Frank Kaminsky,frank-kaminsky-1
2015,10,Justise Winslow,justise-winslow-1
2015,11,Myles Turner,myles-turner-1
2015,12,Trey Lyles,trey-lyles-1
2015,13,Devin Booker,devin-booker-1
2015,14,Cameron Payne,cameron-payne-1
2015,15,Kelly Oubre,kelly-oubre-1
2015,16,Terry Rozier,terry-rozier-1
2015,17,Rashad Vaughn,rashad-vaughn-1
2015,18,Sam Dekker,sam-dekker-1
2015,19,Jerian Grant,jerian-grant-1
2015,20,Delon Wright,delon-wright-1
2015,21,Justin Anderson,justin-anderson-1
2015,22,Bobby Portis,bobby-portis-1
2015,23,Rondae Hollis-Jefferson,rondae-hollis-jefferson-1
2015,24,Tyus Jones,tyus-jones-1
2015,25,Jarell Martin,jarell-martin-1
2015,26,Nikola Milutinov,
2015,27,Larry Nance,larry-nance-2
2015,28,R.J. Hunter,rj-hunter-1
2015,29,Chris McCullough,chris-mccullough-1
2015,30,Kevon Looney,kevon-looney-1
2015,31,Cedi Osman,
2015,32,Montrezl Harrell,montrezl-harrell-1
2015,33,Jordan Mickey,jordan-mickey-1
2015,34,Anthony Brown,anthony-brown-1
2015,35,Willy Hernangómez,
2015,36,Rakeem Christmas,rakeem-christmas-1
2015,37,Richaun Holmes,richaun-holmes-1
2015,38,Darrun Hilliard,darrun-hilliard-1
2015,39,Juan Pablo Vaulet,
2015,40,Josh Richardson,josh-richardson-1
2015,41,Pat Connaughton,pat-connaughton-1
2015,42,Olivier Hanlan,olivier-hanlan-1
2015,43,Joe Young,joe-young-1
2015,44,Andrew Harrison,andrew-harrison-1
2015,45,Marcus Thornton,marcus-thornton-2
2015,46,Norman Powell,norman-powell-1
2015,47,Artūras Gudaitis,
2015,48,Dakari Johnson,dakari-johnson-1
2015,49,Aaron White,aaron-white-1
2015,50,Marcus Eriksson,
2015,51,Tyler Harvey,tyler-harvey-1
2015,52,Satnam Singh Bhamara,
2015,53,Sir'Dominic Pointer,sirdominic-pointer-1
2015,54,Dani Díez de la Faya,
2015,55,Cady Lalanne,cady-lalanne-1
2015,56,Branden Dawson,branden-dawson-1
2015,57,Nikola Radičević,
2015,58,J.P. Tokoto,jp-tokoto-1
2015,59,Dimitrios Agravanis,
2015,60,Luka Mitrović,
2016,1,Ben Simmons,ben-simmons-1
2016,2,Brandon Ingram,brandon-ingram-1
2016,3,Jaylen Brown,jaylen-brown-1
2016,4,Dragan Bender,
2016,5,Kris Dunn,kris-dunn-1
2016,6,Buddy Hield,buddy-hield-1
2016,7,Jamal Murray,jamal-murray-1
2016,8,Marquese Chriss,marquese-chriss-1
2016,9,Jakob Poeltl,jakob-poeltl-1
2016,10,Thon Maker,
2016,11,Domantas Sabonis,domantas-sabonis-1
2016,12,Taurean Prince,taurean-prince-1
2016,13,Georgios Papagiannis,
2016,14,Denzel Valentine,denzel-valentine-1
2016,15,Juan Hernangómez,
2016,16,Guerschon Yabusele,
2016,17,Wade Baldwin,wade-baldwin-1
2016,18,Henry Ellenson,henry-ellenson-1
2016,19,Malik Beasley,malik-beasley-1
2016,20,Caris LeVert,caris-levert-1
2016,21,DeAndre' Bembry,deandre-bembry-1
2016,22,Malachi Richardson,malachi-richardson-1
2016,23,Ante Žižić,
2016,24,Timothé Luwawu-Cabarrot,
2016,25,Brice Johnson,brice-johnson-1
2016,26,Furkan Korkmaz,
2016,27,Pascal Siakam,pascal-siakam-1
2016,28,Skal Labissière,skal-labissiere-1
2016,29,Dejounte Murray,dejounte-murray-1
2016,30,Damian Jones,damian-jones-1
2016,31,Deyonta Davis,deyonta-davis-1
2016,32,Ivica Zubac,
2016,33,Cheick Diallo,cheick-diallo-1
2016,34,Tyler Ulis,tyler-ulis-1
2016,35,Rade Zagorac,
2016,36,Malcolm Brogdon,malcolm-brogdon-1
2016,37,Chinanu Onuaku,chinanu-onuaku-1
2016,38,Patrick McCaw,patrick-mccaw-1
2016,39,David Michineau,
2016,40,Diamond Stone,diamond-stone-1
2016,41,Stephen Zimmerman Jr.,stephen-zimmermanjr-1
2016,42,Isaiah Whitehead,isaiah-whitehead-1
2016,43,Zhou Qi,
2016,44,Isaïa Cordinier,
2016,45,Demetrius Jackson,demetrius-jackson-1
2016,46,A.J. Hammons,aj-hammons-1
2016,47,Jake Layman,jake-layman-1
2016,48,Paul Zipser,
2016,49,Michael Gbinije,michael-gbinije-1
2016,50,Georges Niang,georges-niang-1
2016,51,Ben Bentil,ben-bentil-1
2016,52,Joel Bolomboy,joel-bolomboy-1
2016,53,Petr Cornelie,
2016,54,Kahlil Felder,kahlil-felder-1
2016,55,Marcus Paige,marcus-paige-1
2016,56,Daniel Hamilton,daniel-hamilton-1
2016,57,Wang Zhelin,
2016,58,Abdel Nader,abdel-nader-1
2016,59,Isaiah Cousins,isaiah-cousins-1
2016,60,Tyrone Wallace,tyrone-wallace-1
2017,1,Markelle Fultz,markelle-fultz-1
2017,2,Lonzo Ball,lonzo-ball-1
2017,3,Jayson Tatum,jayson-tatum-1
2017,4,Josh Jackson,josh-jackson-1
2017,5,De'Aaron Fox,deaaron-fox-1
2017,6,Jonathan Isaac,jonathan-isaac-1
2017,7,Lauri Markkanen,lauri-markkanen-1
2017,8,Frank Ntilikina,
2017,9,Dennis Smith,dennis-smith-1
2017,10,Zach Collins,zach-collins-1
2017,11,Malik Monk,malik-monk-1
2017,12,Luke Kennard,luke-kennard-1
2017,13,Donovan Mitchell,donovan-mitchell-1
2017,14,Edrice Adebayo,edrice-adebayo-1
2017,15,Justin Jackson,justin-jackson-1
2017,16,Justin Patton,justin-patton-1
2017,17,D.J. Wilson,dj-wilson-1
2017,18,T.J. Leaf,tj-leaf-1
2017,19,John Collins,john-collins-1
2017,20,Harry Giles,harry-giles-1
2017,21,Terrance Ferguson,
2017,22,Jarrett Allen,jarrett-allen-1
2017,23,OG Anunoby,og-anunoby-1
2017,24,Tyler Lydon,tyler-lydon-1
2017,25,Anžejs Pasečņiks,
2017,26,Caleb Swanigan,caleb-swanigan-1
2017,27,Kyle Kuzma,kyle-kuzma-1
2017,28,Tony Bradley,tony-bradley-1
2017,29,Derrick White,derrick-white-1
2017,30,Josh Hart,josh-hart-1
2017,31,Frank Jackson,frank-jackson-1
2017,32,Davon Reed,davon-reed-1
2017,33,Wesley Iwundu,wesley-iwundu-1
2017,34,Frank Mason,frank-mason-1
2017,35,Ivan Rabb,ivan-rabb-1
2017,36,Jonah Bolden,jonah-bolden-1
2017,37,Semi Ojeleye,semi-ojeleye-1
2017,38,Jordan Bell,jordan-bell-1
2017,39,Jawun Evans,jawun-evans-1
2017,40,Dwayne Bacon,dwayne-bacon-1
2017,41,Tyler Dorsey,tyler-dorsey-1
2017,42,Thomas Bryant,thomas-bryant-1
2017,43,Isaiah Hartenstein,
2017,44,Damyean Dotson,damyean-dotson-1
2017,45,Dillon Brooks,dillon-brooks-1
2017,46,Sterling Brown,sterling-brown-1
2017,47,Ike Anigbogu,ike-anigbogu-1
2017,48,Sindarius Thornwell,sindarius-thornwell-1
2017,49,Vlatko Čančar,
2017,50,Mathias Lessort,
2017,51,Monte Morris,monte-morris-1
2017,52,Edmond Sumner,edmond-sumner-1
2017,53,Kadeem Allen,kadeem-allen-1
2017,54,Alec Peters,alec-peters-1
2017,55,Nigel Williams-Goss,nigel-williams-goss-1
2017,56,Jabari Bird,jabari-bird-1
2017,57,Aleksandar Vezenkov,
2017,58,Ognjen Jaramaz,
2017,59,Jaron Blossomgame,jaron-blossomgame-1
2017,60,Alpha Kaba,
2018,1,Deandre Ayton,deandre-ayton-1
2018,2,Marvin Bagley III,marvin-bagleyiii-1
2018,3,Luka Dončić,
2018,4,Jaren Jackson,jaren-jackson-1
2018,5,Trae Young,trae-young-1
2018,6,Mohamed Bamba,mohamed-bamba-1
2018,7,Wendell Carter,wendell-carter-1
2018,8,Collin Sexton,collin-sexton-1
2018,9,Kevin Knox,kevin-knox-1
2018,10,Mikal Bridges,mikal-bridges-1
2018,11,Shai Gilgeous-Alexander,shai-gilgeous-alexander-1
2018,12,Miles Bridges,miles-bridges-1
2018,13,Jerome Robinson,jerome-robinson-1
2018,14,Michael Porter,michael-porter-1
2018,15,Troy Brown,troy-brown-1
2018,16,Zhaire Smith,zhaire-smith-1
2018,17,Donte DiVincenzo,donte-divincenzo-1
2018,18,Lonnie Walker,lonnie-walker-2
2018,19,Kevin Huerter,kevin-huerter-1
2018,20,Josh Okogie,josh-okogie-1
2018,21,Grayson Allen,grayson-allen-1
2018,22,Chandler Hutchison,chandler-hutchison-1
2018,23,Aaron Holiday,aaron-holiday-1
2018,24,Anfernee Simons,
2018,25,Moritz Wagner,moritz-wagner-1
2018,26,Landry Shamet,landry-shamet-1
2018,27,Robert Williams,robert-williams-1
2018,28,Jacob Evans,jacob-evans-1
2018,29,Džanan Musa,
2018,30,Omari Spellman,omari-spellman-1
2018,31,Élie Okobo,
2018,32,Jevon Carter,jevon-carter-1
2018,33,Jalen Brunson,jalen-brunson-1
2018,34,Devonte' Graham,devonte-graham-1
2018,35,Melvin Frazier,melvin-frazier-1
2018,36,Mitchell Robinson,
2018,37,Gary Trent Jr.,gary-trentjr-1
2018,38,Khyri Thomas,khyri-thomas-1
2018,39,Isaac Bonga,
2018,40,Rodions Kurucs,
2018,41,Jarred Vanderbilt,jarred-vanderbilt-1
2018,42,Bruce Brown,bruce-brown-1
2018,43,Justin Jackson,justin-jackson-2
2018,44,Issuf Sanon,
2018,45,Hamidou Diallo,hamidou-diallo-1
2018,46,De'Anthony Melton,deanthony-melton-1
2018,47,Sviatoslav Mykhailiuk,sviatoslav-mykhailiuk-1
2018,48,Keita Bates-Diop,keita-bates-diop-1
2018,49,Chimezie Metu,chimezie-metu-1
2018,50,Alize Johnson,alize-johnson-1
2018,51,Tony Carr,tony-carr-1
2018,52,Vince Edwards,vince-edwards-1
2018,53,Devon Hall,devon-hall-1
2018,54,Malik Milton,malik-milton-1
2018,55,Arnoldas Kulboka,
2018,56,Raymond Spalding,raymond-spalding-1
2018,57,Kevin Hervey,kevin-hervey-1
2018,58,Thomas Welsh,thomas-welsh-1
2018,59,George King,george-king-1
2018,60,Kostas Antetokounmpo,kostas-antetokounmpo-1
2019,1,Zion Williamson,zion-williamson-1
2019,2,Temetrius Morant,temetrius-morant-1
2019,3,RJ Barrett,rj-barrett-1
2019,4,De'Andre Hunter,deandre-hunter-1
2019,5,Darius Garland,darius-garland-1
2019,6,Jarrett Culver,jarrett-culver-1
2019,7,Coby White,coby-white-1
2019,8,Jaxson Hayes,jaxson-hayes-1
2019,9,Rui Hachimura,rui-hachimura-1
2019,10,Cam Reddish,cam-reddish-1
2019,11,Cameron Johnson,cameron-johnson-1
2019,12,PJ Washington,pj-washington-1
2019,13,Tyler Herro,tyler-herro-1
2019,14,Romeo Langford,romeo-langford-1
2019,15,Sekou Doumbouya,
2019,16,Chuma Okeke,chuma-okeke-1
2019,17,Nickeil Alexander-Walker,nickeil-alexander-walker-1
2019,18,Goga Bitadze,
2019,19,Luka Samanic,
2019,20,Matisse Thybulle,matisse-thybulle-1
2019,21,Brandon Clarke,brandon-clarke-1
2019,22,Grant Williams,grant-williams-1
2019,23,Darius Bazley,
2019,24,Ty Jerome,ty-jerome-1
2019,25,Nassir Little,nassir-little-1
2019,26,Dylan Windler,dylan-windler-1
2019,27,Mfiondu Kabengele,mfiondu-kabengele-1
2019,28,Jordan Poole,jordan-poole-1
2019,29,Keldon Johnson,keldon-johnson-1
2019,30,Kevin Porter Jr.,kevin-porterjr-1
2019,31,Nicolas Claxton,nicolas-claxton-1
2019,32,Kezie Okpala,kezie-okpala-1
2019,33,Carsen Edwards,carsen-edwards-1
2019,34,Bruno Fernando,bruno-fernando-1
2019,35,Marcos Louzada Silva,
2019,36,Cody Martin,cody-martin-1
2019,37,Deividas Sirvydis,
2019,38,Daniel Gafford,daniel-gafford-1
2019,39,Alen Smailagic,
2019,40,Justin James,justin-james-1
2019,41,Eric Paschall,eric-paschall-1
2019,42,Admiral Schofield,admiral-schofield-1
2019,43,Jaylen Nowell,jaylen-nowell-1
2019,44,Bol Bol,bol-bol-1
2019,45,Isaiah Roby,isaiah-roby-1
2019,46,Talen Horton-Tucker,talen-horton-tucker-1
2019,47,Ignas Brazdeikis,ignas-brazdeikis-1
2019,48,Terance Mann,terance-mann-1
2019,49,Quinndary Weatherspoon,quinndary-weatherspoon-1
2019,50,Jarrell Brantley,jarrell-brantley-1
2019,51,Tremont Waters,tremont-waters-1
2019,52,Jalen McDaniels,jalen-mcdaniels-1
2019,53,Justin Wright-Foreman,justin-wright-foreman-1
2019,54,Marial Shayok,marial-shayok-1
2019,55,Kyle Guy,kyle-guy-1
2019,56,Jaylen Hands,jaylen-hands-1
2019,57,Jordan Bone,jordan-bone-1
2019,58,Miye Oni,miye-oni-1
2019,59,Dewan Huell,dewan-huell-1
2019,60,Vanja Marinkovic,
